dates,BTC-USD,ETH-USD,BNB-USD,XRP-USD,ADA-USD,MATIC-USD,SOL-USD,DOT-USD,SHIB-USD,APE-USD
1/1/2021,29374.15234,730.3675537,37.90501022,0.237443998,0.175349995,0.017812001,1.84208405,8.306818962,0,0.192119002
1/2/2021,32127.26758,774.5349731,38.24159241,0.221654996,0.177423,0.019043,1.799275041,9.208836555,0,0.198762
1/3/2021,32782.02344,975.5076904,41.14897919,0.225848004,0.204995006,0.019974999,2.161751986,10.03328323,0,0.256752998
1/4/2021,31971.91406,1040.233032,40.92635345,0.236677006,0.224761993,0.024614001,2.485096931,9.469611168,0,0.25722599
1/5/2021,33992.42969,1100.006104,41.73460007,0.226750001,0.258314013,0.024467001,2.157217026,9.701656342,0,0.256305993
1/6/2021,36824.36328,1207.112183,42.16595459,0.250894994,0.331898004,0.035135001,1.929216981,10.09606838,0,0.228162006
1/7/2021,39371.04297,1225.678101,43.44948959,0.326002002,0.299980015,0.032999001,2.372745037,9.644584656,0,0.226206005
1/8/2021,40797.60938,1224.197144,42.39531708,0.323229998,0.305597007,0.031739,3.219887018,9.307134628,0,0.210715994
1/9/2021,40254.54688,1281.077271,43.9328537,0.326916009,0.332973003,0.033512998,3.385381937,9.777765274,0,0.224388003
1/10/2021,38356.44141,1262.246704,42.44847488,0.31833601,0.304895014,0.030410999,3.466110945,9.305047989,0,0.219734997
1/11/2021,35566.65625,1090.145386,38.37136078,0.288904995,0.275465995,0.026124001,3.108089924,8.276439667,0,0.180035993
1/12/2021,33922.96094,1043.43457,38.11161041,0.29212299,0.287003011,0.02609,3.613398075,8.264147758,0,0.166988
1/13/2021,37316.35938,1130.73938,40.13593292,0.30557999,0.313609004,0.030069999,3.513782024,10.95771027,0,0.171930999
1/14/2021,39187.32813,1218.453003,41.7936821,0.295437992,0.310395986,0.032830998,3.27816391,14.5390501,0,0.164851993
1/15/2021,36825.36719,1171.834595,40.91897964,0.280405998,0.302529991,0.034014001,3.250160933,13.21238136,0,0.151521996
1/16/2021,36178.14063,1233.537598,43.17182541,0.280187994,0.352443993,0.032768,3.447055101,18.18042374,0,0.143480003
1/17/2021,35791.27734,1230.172241,45.68461227,0.277384013,0.379851997,0.034019999,3.818139076,16.98425484,0,0.126671001
1/18/2021,36630.07422,1257.279541,45.3531723,0.284768999,0.371428013,0.036052998,3.79551506,16.5129261,0,0.104650997
1/19/2021,36069.80469,1377.295898,42.78553391,0.294313997,0.369136989,0.032513998,3.641865969,16.46850967,0,0.115125999
1/20/2021,35547.75,1382.274048,42.60689926,0.296517998,0.375393987,0.034533001,3.723577976,17.94893074,0,0.111832999
1/21/2021,30825.69922,1121.570923,38.64583969,0.268945992,0.310209006,0.028604001,2.990535975,15.94483757,0,0.090253003
1/22/2021,33005.76172,1236.512207,40.85757065,0.272798985,0.34957701,0.031298,3.346229076,17.1614418,0,0.099726997
1/23/2021,32067.64258,1230.990601,40.81547928,0.271820992,0.345643014,0.033975001,3.504112005,18.59819984,0,0.099183999
1/24/2021,32289.37891,1391.609375,41.88160706,0.273508996,0.353881001,0.033177,3.634411097,17.99964905,0,0.104930997
1/25/2021,32366.39258,1324.414795,41.623703,0.269089013,0.343885988,0.032977998,3.699980974,17.25045586,0,0.100285999
1/26/2021,32569.84961,1357.058105,41.69473648,0.268826991,0.34423399,0.043359999,4.04734993,17.11776161,0,0.101967998
1/27/2021,30432.54688,1253.187134,40.99487686,0.251942992,0.313080013,0.042072002,3.690587044,15.50486088,0,0.094111003
1/28/2021,33466.09766,1332.492188,42.52910614,0.264122009,0.346129,0.038892001,3.822072029,16.94493294,0,0.092500001
1/29/2021,34316.38672,1382.522827,42.85234833,0.282187998,0.348131001,0.040277001,3.834676027,16.84161186,0,0.108754002
1/30/2021,34269.52344,1376.115479,44.77227783,0.440243989,0.362619013,0.039925002,4.224276066,16.50690842,0,0.111933999
1/31/2021,33114.35938,1314.986206,44.27599335,0.492314011,0.344897985,0.038279001,4.264143944,16.121315,0,0.125472993
2/1/2021,33537.17578,1369.040527,51.60769653,0.371508986,0.402033001,0.040876999,4.61160183,16.37577629,0,0.125650004
2/2/2021,35510.28906,1515.193726,51.05640411,0.369269997,0.426247001,0.041083001,5.26750803,17.26325607,0,0.148586005
2/3/2021,37472.08984,1660.909546,52.24263763,0.393489987,0.441399992,0.043836001,5.715990067,20.73365211,0,0.168760002
2/4/2021,36926.06641,1594.762695,55.92512512,0.446449012,0.441051006,0.047347002,6.426064968,19.70218277,0,0.191943005
2/5/2021,38144.30859,1718.650879,67.8455658,0.450046986,0.537873983,0.054767001,6.68171978,20.90267563,0,0.188091993
2/6/2021,39266.01172,1677.846802,72.7335968,0.439096004,0.627885997,0.052406002,6.110806942,20.3954792,0,0.182716995
2/7/2021,38903.44141,1614.227783,68.59052277,0.417957991,0.663237989,0.067642003,6.700462818,19.79361534,0,0.158914998
2/8/2021,46196.46484,1746.616821,79.83154297,0.447701991,0.682510972,0.071268,7.883250237,23.0318985,0,0.161218002
2/9/2021,46481.10547,1768.035034,107.8992767,0.471991003,0.703516006,0.098867998,7.816792965,23.12996483,0,0.157427996
2/10/2021,44918.18359,1744.243408,129.7371521,0.503445029,0.930317998,0.117016003,9.072214127,23.58505058,0,0.153855994
2/11/2021,47909.33203,1783.797974,124.4342575,0.524787009,0.927740991,0.123611003,9.215352058,25.23029518,0,0.147580996
2/12/2021,47504.85156,1843.532593,136.9483948,0.608591974,0.925586998,0.121233001,9.247012138,28.69125748,0,0.161485001
2/13/2021,47105.51563,1814.109863,133.4526825,0.628996015,0.905718982,0.111649998,8.732455254,28.01672554,0,0.152775005
2/14/2021,48717.28906,1805.084106,136.4265137,0.594192982,0.848419011,0.100922003,8.73889637,27.09573555,0,0.186518997
2/15/2021,47945.05859,1779.791016,129.5678864,0.548915029,0.861011982,0.107605003,8.861739159,27.78089333,0,0.185106993
2/16/2021,49199.87109,1781.067505,130.0566559,0.520846009,0.870950997,0.108900003,8.297866821,30.1599102,0,0.182493001
2/17/2021,52149.00781,1848.458252,164.670105,0.535537004,0.890919983,0.112219997,8.222577095,31.9866581,0,0.199623004
2/18/2021,51679.79688,1937.449219,195.9326324,0.532432973,0.914119005,0.122744001,8.980451584,31.18063927,0,0.206825003
2/19/2021,55888.13281,1960.164795,332.6160278,0.567018986,0.927649021,0.154840007,11.46565342,34.79221725,0,0.402565986
2/20/2021,56099.51953,1919.534058,255.9537354,0.517512023,1.122957945,0.146081001,10.00266361,39.24217606,0,0.538699985
2/21/2021,57539.94531,1935.601074,293.923584,0.548560023,1.100520015,0.162249997,11.08551311,39.69622803,0,0.398389995
2/22/2021,54207.32031,1781.99292,267.5097961,0.571740985,1.099151015,0.152005002,14.45478535,37.68947983,0,0.396703988
2/23/2021,48824.42578,1570.203979,230.9942474,0.473562986,0.954708993,0.137005001,15.20153809,34.30077362,0,0.326965988
2/24/2021,49705.33203,1626.575684,254.3591309,0.471832007,1.051656961,0.160243005,17.30270767,33.63354492,0,0.260830998
2/25/2021,47093.85156,1475.703735,233.8859558,0.434524,1.079115987,0.176179007,13.81601429,31.08065987,0,0.178305
2/26/2021,46339.76172,1446.033691,221.6804352,0.427899987,1.24110496,0.190602005,13.58794117,31.34609032,0,0.192724004
2/27/2021,46188.45313,1459.973145,225.2494354,0.43780899,1.324859977,0.197532997,13.20116806,33.44936752,0,0.213015005
2/28/2021,45137.76953,1416.04895,209.5744019,0.414952993,1.308058977,0.228846997,13.08924675,33.60725784,0,0.211950004
3/1/2021,49631.24219,1564.707642,254.6299286,0.447243989,1.292387962,0.251572013,14.95558834,35.58492661,0,0.367904991
3/2/2021,48378.98828,1492.608765,239.5225372,0.436836988,1.225582004,0.231893003,13.95892143,36.15311813,0,0.384995013
3/3/2021,50538.24219,1575.853149,241.0913696,0.450278997,1.216593027,0.223934993,14.11559105,37.0433197,0,0.520485997
3/4/2021,48561.16797,1541.914307,229.9450684,0.486604989,1.114868045,0.200395003,13.09798336,35.33031082,0,0.022252001
3/5/2021,48927.30469,1533.275024,226.3725586,0.458119005,1.168522954,0.215170994,12.61044312,33.72447205,0,0.022139
3/6/2021,48912.38281,1654.741577,226.6668549,0.46510601,1.131011963,0.212986007,13.03645802,33.43369293,0,0.024021
3/7/2021,51206.69141,1723.153809,240.1792145,0.466867,1.133366942,0.212243006,13.87773228,35.18865967,0,0.024981
3/8/2021,52246.52344,1834.727905,240.3186646,0.47359699,1.118052959,0.216621995,13.60218811,34.91375351,0,0.026528001
3/9/2021,54824.11719,1868.048828,293.4632263,0.485987991,1.195160985,0.298981011,14.84631062,38.19419098,0,0.026954999
3/10/2021,56008.55078,1799.16626,279.3580322,0.463165998,1.135002971,0.287524015,14.23108387,37.56694412,0,0.026055999
3/11/2021,57805.12109,1826.194946,289.790802,0.452960014,1.124789953,0.410605013,15.99227905,36.88249588,0,0.026396001
3/12/2021,57332.08984,1772.102417,263.6858215,0.441130996,1.039144039,0.414407998,14.55214214,35.98695374,0,0.025573
3/13/2021,61243.08594,1924.685425,276.1047058,0.459924012,1.103314042,0.425134003,15.3088026,37.15781021,0,0.027886
3/14/2021,59302.31641,1854.564331,264.6367493,0.442111999,1.059154034,0.382880986,14.50826645,36.57925034,0,0.027068
3/15/2021,55907.19922,1791.702271,254.6608276,0.437554985,1.033539057,0.392958999,14.18666172,34.35751724,0,0.025898
3/16/2021,56804.90234,1806.971802,258.1006775,0.462599993,1.242952943,0.373221993,13.62277317,35.43083191,0,0.026006
3/17/2021,58870.89453,1823.449341,269.8548584,0.472416997,1.378672957,0.403259009,14.2202034,36.14136505,0,0.026504001
3/18/2021,57858.92188,1782.855103,261.7048035,0.472918987,1.239006042,0.390733987,14.23002529,35.51722336,0,0.025870999
3/19/2021,58346.65234,1817.624146,264.0574341,0.471170992,1.302170038,0.41178301,14.20479584,38.27268982,0,0.026231
3/20/2021,58313.64453,1812.634644,264.7416687,0.52699101,1.206540942,0.383614987,14.21198082,37.35047913,0,2.912710905
3/21/2021,57523.42188,1788.217041,264.8861694,0.519834995,1.189139962,0.381072015,14.33220577,36.79360962,0,2.679922104
3/22/2021,54529.14453,1691.333984,255.9001923,0.549942017,1.10987401,0.348746002,14.9192934,35.53754425,0,2.811362028
3/23/2021,54738.94531,1678.650146,255.6896667,0.556595027,1.121551991,0.331694007,14.20483112,34.46046448,0,
3/24/2021,52774.26563,1593.413452,249.8513794,0.488837004,1.075001955,0.324979007,13.6612978,30.4364357,0,
3/25/2021,51704.16016,1595.359253,234.885437,0.517498016,1.101573944,0.301851004,13.02508545,29.98220825,0,
3/26/2021,55137.3125,1702.842041,255.1045685,0.567054987,1.213968992,0.336804003,14.77942085,33.20038605,0,
3/27/2021,55973.51172,1716.494629,269.1023254,0.550442994,1.176576972,0.333443999,16.50832176,32.66104889,0,
3/28/2021,55950.74609,1691.355957,269.1912842,0.550755978,1.191123962,0.34601,18.01623344,32.29789352,0,
3/29/2021,57750.19922,1819.684937,275.2146301,0.567870975,1.202540994,0.383946002,18.85480881,34.37360382,0,
3/30/2021,58917.69141,1846.033691,311.4264832,0.566859007,1.213317037,0.371280015,19.23392487,34.0668602,0,
3/31/2021,58918.83203,1918.362061,302.063446,0.57386899,1.193264008,0.359934002,19.46522903,37.02701187,0,
4/1/2021,59095.80859,1977.276855,335.2128906,0.579291999,1.189244032,0.36422199,19.08490181,37.67287827,0,
4/2/2021,59384.3125,2143.225586,339.0077209,0.616568983,1.196509004,0.384002,19.81022263,41.16428375,0,
4/3/2021,57603.89063,2028.422485,323.1335144,0.590915024,1.17327702,0.354030997,22.55227661,41.64603043,0,
4/4/2021,58758.55469,2093.122803,351.6243896,0.646728992,1.191419959,0.362637013,24.06132317,44.65221024,0,
4/5/2021,59057.87891,2107.887207,367.7724915,0.92047298,1.214300036,0.370032996,22.98428345,45.79722977,0,
4/6/2021,58192.35938,2118.378906,403.5907593,1.096266031,1.255354047,0.374565989,24.95714569,43.43019867,0,0.263422012
4/7/2021,56048.9375,1971.077271,374.6588135,0.917576015,1.175148964,0.337208003,26.47808075,39.59401321,0,0.244050995
4/8/2021,58323.95313,2088.57373,418.0383911,1.052755952,1.219436049,0.356305987,27.03398705,41.36595154,0,0.241769001
4/9/2021,58245.00391,2072.108887,453.1784668,1.020836949,1.203539968,0.367603004,27.77827454,40.84930801,0,0.229994997
4/10/2021,59793.23438,2135.942139,472.5603333,1.374415994,1.218757987,0.358471006,26.84140396,41.62615204,0,0.209857002
4/11/2021,60204.96484,2157.656982,525.3855591,1.360530019,1.266734958,0.370532006,27.93189049,41.42339706,0,0.223513007
4/12/2021,59893.45313,2139.353271,598.7226563,1.467735052,1.316126943,0.358043998,28.51212311,40.49749756,0,0.234668002
4/13/2021,63503.45703,2299.187744,549.5865479,1.794000983,1.41178596,0.42207399,27.4355526,42.94791031,0,0.212834999
4/14/2021,63109.69531,2435.10498,549.5918579,1.839236021,1.455420017,0.414680004,26.47511101,42.64084244,0,0.209007993
4/15/2021,63314.01172,2519.116211,542.6320801,1.766067028,1.481588006,0.44273299,27.8183136,43.51596832,0,0.198502004
4/16/2021,61572.78906,2431.946533,510.2201843,1.557526946,1.416949034,0.436446995,25.39736557,41.53797531,1.00E-06,0.188173994
4/17/2021,60683.82031,2344.89502,520.416748,1.560055017,1.384868979,0.40625301,25.0998745,42.53594971,2.00E-06,0.188511997
4/18/2021,56216.18359,2237.136963,481.0342407,1.405997992,1.275501013,0.362901002,32.30291748,37.34743118,2.00E-06,0.173618004
4/19/2021,55724.26563,2166.188721,505.092926,1.315044045,1.197958946,0.327199996,31.67589569,34.81666946,4.00E-06,0.185957
4/20/2021,56473.03125,2330.210938,587.0291138,1.383298993,1.26593399,0.341524005,31.77005386,35.44443512,2.00E-06,0.206520006
4/21/2021,53906.08984,2364.751709,546.0235596,1.296497941,1.206735015,0.359228998,32.51304245,33.8710289,1.00E-06,0.202522993
4/22/2021,51762.27344,2403.535156,506.0130005,1.159682035,1.147017002,0.349444985,38.87976074,32.9884758,2.00E-06,0.117948003
4/23/2021,51093.65234,2363.586182,526.5652466,1.169659972,1.155701995,0.381808013,36.97842026,32.22798538,1.00E-06,0.118012004
4/24/2021,50050.86719,2211.625732,496.4150696,1.048706055,1.101354957,0.353428006,40.73731613,28.93283272,1.00E-06,0.122441001
4/25/2021,49004.25391,2316.05957,505.0770569,1.032256007,1.088250041,0.382883996,47.36762619,29.76248932,1.00E-06,0.130788997
4/26/2021,54021.75391,2534.481689,534.5776978,1.368505955,1.234019041,0.535193026,43.97651672,33.40662766,1.00E-06,0.129933998
4/27/2021,55033.11719,2662.865234,568.47052,1.400954962,1.306926966,0.832754016,43.23900223,34.70315933,1.00E-06,0.134618998
4/28/2021,54824.70313,2746.380127,562.6325684,1.358600974,1.335665941,0.773113012,44.82598495,33.96755219,1.00E-06,0.131955996
4/29/2021,53555.10938,2756.876953,599.706543,1.399359941,1.308014035,0.890872002,42.46054077,35.96815491,1.00E-06,0.151354998
4/30/2021,57750.17578,2773.207031,624.0805664,1.59167397,1.352449059,0.820568025,42.95600128,36.54066467,2.00E-06,0.164275005
5/1/2021,57828.05078,2945.892822,619.347229,1.651025057,1.353070974,0.786821008,49.50802231,36.92968369,2.00E-06,0.160224006
5/2/2021,56631.07813,2952.056152,622.1010132,1.562641025,1.326812029,0.824512005,46.8909874,36.65452957,2.00E-06,0.184419006
5/3/2021,57200.29297,3431.086182,675.684082,1.555994987,1.362030029,0.796139002,45.93368912,37.25520706,2.00E-06,0.199985996
5/4/2021,53333.53906,3253.629395,611.2003174,1.392375946,1.274111032,0.704383016,42.72955704,34.853508,2.00E-06,0.162286997
5/5/2021,57424.00781,3522.783203,651.6627197,1.614511967,1.475528955,0.811084986,44.92357635,40.49504471,2.00E-06,0.172303006
5/6/2021,56396.51563,3490.880371,633.2803955,1.60058105,1.650123954,0.761784971,43.45567703,41.53346634,2.00E-06,0.171278
5/7/2021,57356.40234,3484.729004,624.5632935,1.581755042,1.653452992,0.753129005,43.15501785,39.92985153,3.00E-06,0.160943002
5/8/2021,58803.77734,3902.647705,646.1008301,1.56259799,1.619554043,0.848258018,45.56153107,39.83269119,1.60E-05,0.158335
5/9/2021,58232.31641,3928.844727,662.2285767,1.535292983,1.770562053,0.969865024,44.33019638,40.31284332,1.60E-05,0.153189003
5/10/2021,55859.79688,3952.293945,631.3519897,1.389006019,1.644695997,0.875069022,42.90963364,36.54177094,3.50E-05,0.152979001
5/11/2021,56704.57422,4168.701172,672.3339233,1.477681994,1.764076948,1.069219947,44.57746887,38.64228439,3.10E-05,0.187428996
5/12/2021,49150.53516,3785.848633,588.1851807,1.247864008,1.552775025,1.019014001,42.45730972,34.03139114,1.80E-05,0.182566002
5/13/2021,49716.19141,3715.148438,571.4345093,1.358909965,1.933668017,1.053153992,40.99785233,40.03165436,2.10E-05,0.154946998
5/14/2021,49880.53516,4079.057373,603.1282959,1.402917027,2.004796028,1.470762014,42.71786499,47.94593811,1.90E-05,0.184136003
5/15/2021,46760.1875,3638.12207,563.041687,1.485880017,2.174026966,1.608185053,43.46130753,43.53863144,1.60E-05,0.164480999
5/16/2021,46456.05859,3587.506104,562.829834,1.452605963,2.309113026,1.714745045,47.20082855,42.63151169,1.80E-05,0.137030005
5/17/2021,43537.51172,3282.397705,511.964386,1.496299982,2.032226086,1.727972984,46.86320496,38.7101593,1.60E-05,0.123758003
5/18/2021,42909.40234,3380.070068,508.0223083,1.590734005,2.003662109,2.454366922,55.91096115,40.64535522,1.60E-05,0.119712003
5/19/2021,37002.44141,2460.679199,339.0254822,1.070312977,1.482521057,1.659389973,35.10718155,25.22714233,9.00E-06,0.080443002
5/20/2021,40782.73828,2784.294189,393.6127625,1.185536981,1.810469031,1.841451049,44.74274826,29.15056992,1.00E-05,0.083529003
5/21/2021,37304.69141,2430.621338,326.2963257,1.006976008,1.552276969,1.482336044,38.81285095,24.46397018,8.00E-06,0.074063003
5/22/2021,37536.63281,2295.705566,299.5040894,0.906316996,1.463621974,1.193292022,31.31558228,22.01452446,8.00E-06,0.070734002
5/23/2021,34770.58203,2109.579834,262.9456787,0.797015011,1.325435996,1.086714983,24.68874741,18.02944183,8.00E-06,0.059074
5/24/2021,38705.98047,2643.591064,345.3096313,0.992834985,1.549484968,1.717576981,31.28357124,23.19908905,1.10E-05,0.075612999
5/25/2021,38402.22266,2706.628906,344.1139832,0.976186991,1.55536902,1.940050006,29.99707794,22.13013077,9.00E-06,0.079392001
5/26/2021,39294.19922,2888.69873,379.8543091,1.033725023,1.782701969,2.210166931,35.53981781,24.54968834,1.00E-05,0.085083
5/27/2021,38436.96875,2736.488525,367.6557922,0.97023499,1.645959973,2.026745081,33.58459091,23.85298157,9.00E-06,0.091751002
5/28/2021,35697.60547,2419.90625,329.8799133,0.900147974,1.511986971,1.823294044,29.03927612,21.41009331,8.00E-06,0.098918997
5/29/2021,34616.06641,2279.51416,305.0521545,0.831788003,1.406231999,1.698194027,27.37642097,19.86337471,8.00E-06,0.088353001
5/30/2021,35678.12891,2390.30542,325.7840271,0.906608999,1.577278972,1.864938021,28.60265923,20.47398758,8.00E-06,0.094701
5/31/2021,37332.85547,2714.945313,354.3293457,1.04658401,1.742777944,1.881024003,32.81624603,23.43092728,9.00E-06,0.116508998
6/1/2021,36684.92578,2633.518311,362.7946472,1.011000991,1.734753013,1.821164012,30.98526001,22.81084633,9.00E-06,0.146383002
6/2/2021,37575.17969,2706.125,401.2623291,1.024399996,1.752823949,1.795897007,33.9563179,25.95772743,9.00E-06,0.153381005
6/3/2021,39208.76563,2855.126465,427.8079224,1.045320988,1.840471029,1.823845983,39.4709053,27.01345825,1.00E-05,0.161075994
6/4/2021,36894.40625,2688.195068,391.3953247,0.970196009,1.710908055,1.631484032,37.41506958,25.00829887,9.00E-06,0.126053005
6/5/2021,35551.95703,2630.576904,390.4318542,0.923286021,1.65900898,1.527333975,39.58539963,23.81677055,8.00E-06,0.102558002
6/6/2021,35862.37891,2715.092773,393.8202209,0.945285976,1.678248048,1.583428025,42.30837631,24.20159912,9.00E-06,0.099206001
6/7/2021,33560.70703,2590.263184,357.3102112,0.861154974,1.564105988,1.48012197,38.26233292,21.62695885,8.00E-06,0.090372004
6/8/2021,33472.63281,2517.438721,354.0013733,0.875787973,1.588029981,1.485098958,41.51781464,21.74526978,7.00E-06,0.088887997
6/9/2021,37345.12109,2608.26709,375.7346802,0.920033991,1.624825954,1.492426991,42.03177643,23.18493843,7.00E-06,0.094365001
6/10/2021,36702.59766,2471.518555,352.183197,0.869181991,1.531857014,1.362205029,41.09867477,22.68481636,7.00E-06,0.089057997
6/11/2021,37334.39844,2353.768799,345.9336853,0.848450005,1.436378002,1.251965046,36.04608536,20.98585701,6.00E-06,0.086952001
6/12/2021,35552.51563,2372.484375,343.7410278,0.832683027,1.48021996,1.341269016,36.44168854,20.77703667,6.00E-06,0.086836003
6/13/2021,39097.85938,2508.391602,366.6489563,0.883159995,1.558359027,1.469216943,38.77043533,22.076334,7.00E-06,0.091825001
6/14/2021,40218.47656,2537.891113,368.7927551,0.89289701,1.575109959,1.477862954,38.71305466,22.2053566,7.00E-06,0.092586003
6/15/2021,40406.26953,2610.936768,373.5661621,0.889800012,1.597756028,1.691460013,41.15364838,24.76083565,7.00E-06,0.110500999
6/16/2021,38347.0625,2367.663574,347.0334473,0.831907988,1.482573032,1.477197051,39.7036171,22.9721756,8.00E-06,0.092138
6/17/2021,38053.50391,2372.001953,352.7385254,0.841437995,1.482193947,1.503793955,39.26459122,22.51145363,8.00E-06,0.094019003
6/18/2021,35787.24609,2231.733154,336.8096924,0.797648013,1.415395975,1.377261043,36.64879608,21.39889526,7.00E-06,0.092546001
6/19/2021,35615.87109,2178.499023,335.7128296,0.761672974,1.390570045,1.363695025,35.35343552,20.35594177,8.00E-06,0.086763002
6/20/2021,35698.29688,2246.364502,340.0671997,0.776377022,1.429188013,1.398995996,35.32201385,20.67236328,8.00E-06,0.070072003
6/21/2021,31676.69336,1888.44751,270.984436,0.610387981,1.177479982,1.099051952,26.65740013,15.76990414,6.00E-06,0.054568
6/22/2021,32505.66016,1874.950073,261.8180847,0.545067012,1.153254032,1.074383974,26.77185631,14.65241241,6.00E-06,0.053610001
6/23/2021,33723.02734,1989.736328,294.4902954,0.626534998,1.252895951,1.158586979,30.04888725,16.14249039,7.00E-06,0.060164001
6/24/2021,34662.4375,1988.456299,308.3970337,0.671999991,1.356086969,1.203148007,31.18103409,16.25365829,7.00E-06,0.062772997
6/25/2021,31637.7793,1813.217285,281.6209106,0.613322973,1.256477952,1.046162963,28.69886208,14.46769619,7.00E-06,0.057730999
6/26/2021,32186.27734,1829.239258,279.4380493,0.615435004,1.250440001,1.075453043,29.71285439,14.49961185,7.00E-06,0.056253999
6/27/2021,34649.64453,1978.894653,290.5670166,0.646923006,1.335201979,1.11203301,31.92939186,15.01559353,8.00E-06,0.058713999
6/28/2021,34434.33594,2079.657471,289.5341187,0.643746018,1.324751973,1.119223952,32.92778015,15.74037838,8.00E-06,0.059335999
6/29/2021,35867.77734,2160.768311,300.2115479,0.701725006,1.368437052,1.167279005,33.86680222,16.25337029,9.00E-06,0.061019
6/30/2021,35040.83594,2274.547607,303.2958679,0.70637399,1.383471966,1.167428017,35.55640411,16.40219498,9.00E-06,0.061480001
7/1/2021,33572.11719,2113.605469,288.2184143,0.661180019,1.335610986,1.077357054,33.40403366,15.27896404,8.00E-06,0.055388998
7/2/2021,33897.04688,2150.040283,287.4230957,0.656763017,1.39439702,1.103610992,34.02048111,15.34077358,8.00E-06,0.063161001
7/3/2021,34668.54688,2226.114258,298.2371216,0.672887981,1.406836033,1.118638039,34.47881699,15.55371571,9.00E-06,0.063345
7/4/2021,35287.78125,2321.724121,307.7320862,0.694944978,1.458184004,1.147865057,34.31060028,16.01402664,9.00E-06,0.071203999
7/5/2021,33746.00391,2198.58252,302.3779907,0.654299974,1.404898047,1.101609945,32.98458862,15.23558235,8.00E-06,0.068412997
7/6/2021,34235.19531,2324.679443,320.9348145,0.665401995,1.418053031,1.131785989,34.26913834,16.14356422,9.00E-06,0.069816001
7/7/2021,33855.32813,2315.161865,327.5224609,0.651575029,1.403118014,1.128411055,36.59136963,16.85778999,9.00E-06,0.061978001
7/8/2021,32877.37109,2120.026367,310.427124,0.623058021,1.330145955,1.043339968,33.20372772,15.33774757,8.00E-06,0.057912
7/9/2021,33798.01172,2146.692383,316.4845276,0.636803985,1.349473953,1.051329017,33.26464844,15.66926861,8.00E-06,0.058164999
7/10/2021,33520.51953,2111.403564,316.1401367,0.625463009,1.336084962,1.02987802,31.78864479,15.2908392,8.00E-06,0.057686001
7/11/2021,34240.1875,2139.664795,322.0316467,0.635935009,1.348145008,1.042152047,32.17784119,15.48243523,8.00E-06,0.058965001
7/12/2021,33155.84766,2036.721069,316.328186,0.630177975,1.315099001,0.996987998,30.84808731,14.87313271,8.00E-06,0.058786999
7/13/2021,32702.02539,1940.083984,308.8111572,0.619522989,1.265082955,0.945663989,29.12118912,14.18964958,7.00E-06,0.052039001
7/14/2021,32822.34766,1994.331299,309.4063721,0.620324016,1.262258053,0.928695977,31.28100014,13.79957008,7.00E-06,0.052317999
7/15/2021,31780.73047,1911.175659,315.2440186,0.596940994,1.223191977,0.876782,28.45210075,13.08484936,7.00E-06,0.050675999
7/16/2021,31421.53906,1880.382935,302.9855957,0.590774,1.173714995,0.812614024,26.37000847,12.05382633,7.00E-06,0.047501002
7/17/2021,31533.06836,1898.825195,300.4979248,0.582427979,1.172302008,0.801460981,26.72166824,12.29217625,7.00E-06,0.046810001
7/18/2021,31796.81055,1895.552124,302.4804993,0.587921977,1.183698058,0.795457006,26.75190926,12.68214607,7.00E-06,0.047596999
7/19/2021,30817.83203,1817.296631,280.0186157,0.557555974,1.121116042,0.730727971,24.44757652,11.42525101,6.00E-06,0.044422001
7/20/2021,29807.34766,1787.510742,264.7823792,0.529335976,1.056290984,0.690101027,23.48955536,10.98121166,6.00E-06,0.041579001
7/21/2021,32110.69336,1990.970825,292.5313721,0.569998026,1.168097973,0.888009012,26.6230793,12.30587864,7.00E-06,0.045671999
7/22/2021,32313.10547,2025.202759,293.6411438,0.592206001,1.186161041,0.880550981,27.70208168,13.16149139,6.00E-06,0.045630999
7/23/2021,33581.55078,2124.776611,299.2829895,0.609224021,1.206307054,0.949230015,28.51387978,13.39796829,6.00E-06,0.046068002
7/24/2021,34292.44531,2189.21875,302.0718689,0.609826982,1.233497024,0.949325025,28.70261955,13.80534077,6.00E-06,0.046831001
7/25/2021,35350.1875,2191.373779,302.4361572,0.606356978,1.228500962,0.939943016,28.16877365,13.71259975,6.00E-06,0.045554999
7/26/2021,37337.53516,2233.366699,304.478241,0.625617981,1.258492947,1.017886043,28.30664253,13.95171165,6.00E-06,0.045979999
7/27/2021,39406.94141,2298.333496,313.6026001,0.644604027,1.278445959,1.039819956,28.06532669,14.37607193,6.00E-06,0.048418999
7/28/2021,39995.90625,2296.54541,313.4286499,0.725444973,1.283504009,1.015442967,27.81541061,14.53883457,6.00E-06,0.063198
7/29/2021,40008.42188,2380.956787,316.7494507,0.748017013,1.284083962,1.025704026,31.28113747,15.23694801,6.00E-06,0.059232
7/30/2021,42235.54688,2466.961426,322.9093628,0.752119005,1.308951974,1.069406986,32.39394379,15.83852291,6.00E-06,0.054861002
7/31/2021,41626.19531,2536.209961,333.5495911,0.747785985,1.322345018,1.082648993,36.82731247,16.84720421,6.00E-06,0.057704002
8/1/2021,39974.89453,2561.852051,333.4840088,0.725921988,1.31772995,1.052474022,34.2543602,18.41396523,6.00E-06,0.057482
8/2/2021,39201.94531,2610.15332,331.1031189,0.739220023,1.310068011,1.048185945,33.22241974,18.01728439,6.00E-06,0.057170998
8/3/2021,38152.98047,2502.349609,322.7477417,0.712728977,1.365025997,1.018795013,33.99644089,17.33682632,6.00E-06,0.050579999
8/4/2021,39747.50391,2724.619873,334.9187927,0.730488002,1.376564026,1.052682042,35.7636261,19.16309357,6.00E-06,0.052882999
8/5/2021,40869.55469,2827.328857,337.8738708,0.733151019,1.386144996,1.064944983,37.35513687,19.1323719,6.00E-06,0.054200001
8/6/2021,42816.5,2890.94165,342.1369934,0.746513009,1.40178597,1.080821991,39.44610214,20.40067863,6.00E-06,0.056812
8/7/2021,44555.80078,3157.23877,355.7413635,0.816281021,1.470677018,1.166139007,39.4034729,20.96709442,8.00E-06,0.060547002
8/8/2021,43798.11719,3013.732666,342.0647583,0.778738976,1.427829981,1.080906987,37.67382431,19.6761322,7.00E-06,0.059050001
8/9/2021,46365.40234,3167.856201,354.9668274,0.818552971,1.477640033,1.127634048,38.76778412,20.62097168,8.00E-06,0.057402
8/10/2021,45585.03125,3141.691162,371.9543762,0.851247013,1.672566056,1.157588959,40.63979721,20.60800934,8.00E-06,0.060237002
8/11/2021,45593.63672,3164.245117,391.7570496,1.012524009,1.798038006,1.373568058,41.74411392,21.40242195,8.00E-06,0.063147001
8/12/2021,44428.28906,3043.414307,385.8189697,0.964549005,1.82387805,1.321019053,41.09936142,20.75480652,8.00E-06,0.061857998
8/13/2021,47793.32031,3322.21167,410.9448853,1.089959979,2.136079073,1.513185978,44.89450073,22.71414948,8.00E-06,0.06594
8/14/2021,47096.94531,3265.443359,409.0344849,1.280411959,2.191687107,1.44175899,44.11285019,22.86102676,8.00E-06,0.066543996
8/15/2021,47047.00391,3310.50415,414.5950317,1.288159966,2.169152975,1.466439962,53.74515915,23.17401695,9.00E-06,0.087656997
8/16/2021,46004.48438,3156.509521,417.4708557,1.190992951,2.07941699,1.427513003,62.4324646,24.53585625,9.00E-06,0.097464003
8/17/2021,44695.35938,3014.845947,401.908905,1.09819901,1.926601052,1.351758957,64.21070862,23.53363991,8.00E-06,0.090689003
8/18/2021,44801.1875,3020.089844,398.2514648,1.146096945,2.108560085,1.338546991,72.54331207,23.94813538,8.00E-06,0.091122001
8/19/2021,46717.57813,3182.702148,430.9888611,1.232841969,2.428139925,1.469267964,72.75760651,26.54862785,8.00E-06,0.096741997
8/20/2021,49339.17578,3286.935303,454.9363098,1.263221979,2.457701921,1.552742958,78.724617,28.14695358,8.00E-06,0.105080001
8/21/2021,48905.49219,3226.083984,448.9202576,1.216472983,2.435435057,1.584974051,73.75621033,27.87333679,8.00E-06,0.104583003
8/22/2021,49321.65234,3242.115479,449.0534973,1.227722049,2.71372509,1.626175046,72.80391693,27.73687363,8.00E-06,0.103739999
8/23/2021,49546.14844,3319.257324,499.8905945,1.247269988,2.917386055,1.62429595,75.70803833,27.89130974,8.00E-06,0.111557998
8/24/2021,47706.11719,3172.456299,471.595459,1.13735199,2.721091032,1.474746943,70.67090607,25.08144569,7.00E-06,0.095426001
8/25/2021,48960.78906,3224.915283,502.7862549,1.172528982,2.738132,1.525951028,71.9515686,25.93537331,8.00E-06,0.100720003
8/26/2021,46942.21875,3100.325439,479.0061035,1.075266004,2.535527945,1.377738953,75.31620789,23.9814949,7.00E-06,0.099680997
8/27/2021,49058.66797,3270.60083,494.4986877,1.188472986,2.944196939,1.515493035,88.08698273,26.56975365,7.00E-06,0.101952001
8/28/2021,48902.40234,3244.40332,486.1969299,1.145504951,2.847490072,1.457911968,96.70317078,25.96674156,7.00E-06,0.103946999
8/29/2021,48829.83203,3227.002686,480.28302,1.140831947,2.855986118,1.42078197,94.46967316,25.73291779,7.00E-06,0.100746997
8/30/2021,47054.98438,3224.374268,459.4907532,1.101434946,2.733160019,1.313902974,110.5448074,26.0447197,7.00E-06,0.093185998
8/31/2021,47166.6875,3433.732666,464.4187317,1.187592983,2.772475004,1.33810401,108.4837723,31.47002029,7.00E-06,0.093681
9/1/2021,48847.02734,3834.828125,490.0687256,1.23488903,2.870767117,1.471418023,111.0330048,33.13948059,7.00E-06,0.099705003
9/2/2021,49327.72266,3790.98999,483.921051,1.256324053,2.963438034,1.446720958,128.1023865,31.81471252,7.00E-06,0.097924002
9/3/2021,50025.375,3940.614746,488.6047058,1.291435003,2.968239069,1.459216952,146.5830536,33.67427444,7.00E-06,0.082739003
9/4/2021,49944.625,3887.828369,498.0784302,1.255779028,2.832807064,1.733909965,139.1130676,32.4175148,7.00E-06,0.083593003
9/5/2021,51753.41016,3952.133545,504.619873,1.305498004,2.91082406,1.67948103,142.0708771,34.40879059,8.00E-06,0.083795004
9/6/2021,52633.53516,3928.379395,495.9250183,1.389412999,2.83189702,1.643828034,164.3809204,34.311203,7.00E-06,0.080894001
9/7/2021,46811.12891,3426.394287,417.5087891,1.125098944,2.502490997,1.354202032,173.1489258,27.82574463,6.00E-06,0.076201998
9/8/2021,46091.39063,3497.315186,415.1131592,1.100720048,2.474988937,1.333335042,191.0413971,27.70879364,7.00E-06,0.075015001
9/9/2021,46391.42188,3427.340088,421.2700195,1.089401007,2.517666101,1.36718905,188.1958008,29.83556938,7.00E-06,0.069514997
9/10/2021,44883.91016,3211.505859,401.6217957,1.057266951,2.385910988,1.304479957,179.8652344,29.21535683,7.00E-06,0.065008998
9/11/2021,45201.45703,3270.278076,405.5273743,1.079905987,2.633949995,1.31546998,178.8678741,31.59460258,7.00E-06,0.066151999
9/12/2021,46063.26953,3410.134521,416.6832275,1.119636059,2.581727028,1.329738021,174.5376282,35.77433777,7.00E-06,0.064929001
9/13/2021,44963.07422,3285.511719,399.063446,1.064677954,2.400662899,1.247609973,169.2695465,34.76799011,7.00E-06,0.062293999
9/14/2021,47092.49219,3429.169678,414.2362366,1.096573949,2.395637989,1.316789985,158.0948181,37.37580109,7.00E-06,0.064264998
9/15/2021,48176.34766,3615.282715,431.4230347,1.12135303,2.501635075,1.416373014,159.1173859,36.46339417,7.00E-06,0.067388996
9/16/2021,47783.35938,3571.294922,424.649231,1.091498017,2.420969009,1.383579969,152.4740601,35.5475502,9.00E-06,0.066991001
9/17/2021,47267.51953,3398.538818,406.6328125,1.065598011,2.346419096,1.422435999,147.5930634,33.02138519,8.00E-06,0.066471003
9/18/2021,48278.36328,3432.018311,410.8092957,1.075667977,2.369977951,1.366242051,169.1842194,34.89886475,8.00E-06,0.068786003
9/19/2021,47260.21875,3329.447998,408.4716492,1.048428059,2.282299042,1.314545989,152.5166931,33.80133438,8.00E-06,0.068006001
9/20/2021,42843.80078,2958.993408,361.9659119,0.917151988,2.063988924,1.126376033,132.1344604,28.05183029,7.00E-06,0.060469002
9/21/2021,40693.67578,2764.431152,344.5346069,0.876329005,1.987028003,1.046900988,123.9503937,26.31650162,7.00E-06,0.056839999
9/22/2021,43574.50781,3077.86792,379.4403381,1.004076004,2.266181946,1.231153965,147.9242554,31.61177254,7.00E-06,0.057939
9/23/2021,44895.09766,3155.523682,383.8204041,1.002040029,2.330940962,1.225594044,149.7535706,33.54473877,8.00E-06,0.062680997
9/24/2021,42839.75,2931.669189,355.3162842,0.945923984,2.281269073,1.128906965,139.3956451,30.84234428,7.00E-06,0.059493002
9/25/2021,42716.59375,2925.565674,349.8800964,0.941341996,2.30154109,1.122274995,136.1789246,29.84318542,7.00E-06,0.059055001
9/26/2021,43208.53906,3062.265381,344.1817627,0.944720984,2.208494902,1.123015046,135.6993713,28.82866287,7.00E-06,0.056752998
9/27/2021,42235.73047,2934.138916,336.1912231,0.923685014,2.135905027,1.086693048,136.7284241,27.77210426,7.00E-06,0.055656001
9/28/2021,41034.54297,2807.296631,333.0325928,0.893688977,2.039139032,1.050354958,131.5372162,26.33382797,7.00E-06,0.036091
9/29/2021,41564.36328,2853.143311,367.9895935,0.928349018,2.065687895,1.099416018,135.3514557,27.27425575,7.00E-06,0.039468002
9/30/2021,43790.89453,3001.678955,387.0573425,0.952636003,2.114451885,1.127109051,141.069046,28.58061981,7.00E-06,0.041940998
10/1/2021,48116.94141,3307.516113,421.6431885,1.042623997,2.258126974,1.266195059,161.682373,31.9687767,8.00E-06,0.048757002
10/2/2021,47711.48828,3391.694336,428.0983276,1.038674951,2.251458883,1.296617031,169.0930176,32.12210846,8.00E-06,0.043393999
10/3/2021,48199.95313,3418.358643,430.5088196,1.055170059,2.252872944,1.325379014,172.5891571,32.10525513,9.00E-06,0.037335999
10/4/2021,49112.90234,3380.089111,425.7489014,1.043004036,2.189234972,1.271909952,166.7319183,31.0421257,1.30E-05,0.036123998
10/5/2021,51514.8125,3518.518555,442.7061462,1.085502982,2.233124018,1.314543962,164.1158295,31.42745781,1.70E-05,0.037610002
10/6/2021,55361.44922,3580.562012,435.4013672,1.077656031,2.212155104,1.257642984,154.1077423,32.28961182,2.80E-05,0.037080999
10/7/2021,53805.98438,3587.974854,438.7617493,1.068025947,2.276994944,1.276507974,154.281189,33.97454834,2.30E-05,0.035360001
10/8/2021,53967.84766,3563.759277,419.1020508,1.062891006,2.237175941,1.344027996,158.9492035,33.37289429,2.70E-05,0.033287
10/9/2021,54968.22266,3575.716797,421.549469,1.159926057,2.266614914,1.351140022,156.8258362,36.32740402,2.70E-05,0.036943
10/10/2021,54771.57813,3425.852783,405.0693054,1.138453007,2.197213888,1.248175025,148.0487061,34.46641922,2.60E-05,0.035613999
10/11/2021,57484.78906,3545.354004,413.4562073,1.137887955,2.173388958,1.243723989,144.858139,34.18463135,3.10E-05,0.034056999
10/12/2021,56041.05859,3492.573242,443.8675232,1.101858974,2.119189978,1.223870993,152.7371216,35.15976715,2.90E-05,0.036350999
10/13/2021,57401.09766,3606.20166,470.7496948,1.128391981,2.189053059,1.241117954,148.1760406,41.61693192,2.90E-05,0.038802002
10/14/2021,57321.52344,3786.01416,472.0223999,1.132315993,2.170362949,1.263054013,149.7568054,40.75510025,2.70E-05,0.037974
10/15/2021,61593.94922,3862.634766,473.7026367,1.140550017,2.214651108,1.583204985,162.5962067,43.15711212,2.50E-05,0.037971999
10/16/2021,60892.17969,3830.38208,465.6424561,1.135095954,2.177712917,1.506134033,157.5388184,41.75762558,2.60E-05,0.037422001
10/17/2021,61553.61719,3847.104492,470.6255493,1.093467951,2.15696311,1.456534982,159.7438049,42.07395172,2.80E-05,0.037617002
10/18/2021,62026.07813,3748.760254,485.1110229,1.083842039,2.128262997,1.479115963,157.2312775,41.18367004,2.90E-05,0.038715001
10/19/2021,64261.99219,3877.650879,488.1488647,1.092079997,2.112962008,1.471904993,156.0170288,41.38401413,2.80E-05,0.039037
10/20/2021,65992.83594,4155.992188,501.0203247,1.142328024,2.185950041,1.531869054,175.9468689,44.3486557,2.90E-05,0.039728001
10/21/2021,62210.17188,4054.322754,471.2569275,1.089315057,2.136590958,1.50445497,190.3184357,42.84651947,2.70E-05,0.041398
10/22/2021,60692.26563,3970.181885,478.643158,1.088374019,2.154198885,1.514093041,196.4315338,43.44936752,2.80E-05,0.041556001
10/23/2021,61393.61719,4171.663574,485.9064331,1.094496965,2.166815042,1.641917944,197.7038574,44.04997253,3.40E-05,0.041386999
10/24/2021,60930.83594,4087.903076,476.6331177,1.084282994,2.12343502,1.573737979,202.3619843,42.38565826,3.60E-05,0.038049001
10/25/2021,63039.82422,4217.876953,484.6450806,1.095157981,2.144066095,1.674448967,210.1042938,44.52662277,4.20E-05,0.036295999
10/26/2021,60363.79297,4131.102051,478.0250549,1.108093023,2.138777018,1.736024976,199.807251,44.88387299,4.80E-05,0.034184001
10/27/2021,58482.38672,3930.257324,449.0079956,0.995451987,1.913236976,1.759942055,183.7745972,40.4104538,8.00E-05,0.033833999
10/28/2021,60622.13672,4287.318848,492.0155334,1.058820009,1.988219023,2.128509998,194.8639832,41.86169052,6.80E-05,0.035785999
10/29/2021,62227.96484,4414.746582,529.6221313,1.081503034,2.012187004,2.020571947,200.1827545,44.07362366,7.50E-05,0.034403
10/30/2021,61888.83203,4325.650391,527.9212036,1.08394897,1.957422018,1.868108988,195.4160614,42.74783325,6.50E-05,0.032019001
10/31/2021,61318.95703,4288.074219,524.3644409,1.113247037,1.965026021,1.935003042,202.4210205,42.74209595,6.70E-05,0.031636
11/1/2021,61004.40625,4324.626953,551.2559204,1.092867017,1.950001955,1.903897047,203.5450897,49.98225403,7.20E-05,0.033337001
11/2/2021,63226.40234,4584.798828,554.4476318,1.136196017,1.971377015,1.937505007,220.2395935,51.63135147,6.90E-05,0.032979
11/3/2021,62970.04688,4607.193848,568.5787964,1.208796024,2.063700914,2.034598112,242.898819,53.4437027,5.50E-05,0.048578002
11/4/2021,61452.23047,4537.324219,559.7373047,1.202003002,1.984881997,1.917040944,247.3877716,53.88173294,4.90E-05,0.079199001
11/5/2021,61125.67578,4486.243164,608.6480713,1.161532998,1.986206055,1.901463985,236.4743347,51.89467239,6.20E-05,0.113343999
11/6/2021,61527.48047,4521.581055,636.1139526,1.152454019,2.006608963,1.884886026,258.9343262,52.00921631,5.90E-05,0.087751999
11/7/2021,63326.98828,4620.554688,650.4540405,1.217533946,2.021872044,1.884112,249.8234863,52.2779808,5.70E-05,0.083029002
11/8/2021,67566.82813,4812.087402,654.3150024,1.282377005,2.124418974,1.894047022,248.4671783,53.34845734,5.50E-05,0.085166998
11/9/2021,66971.82813,4735.068848,635.1906128,1.258929968,2.273483038,1.776468039,239.2131348,50.77936172,5.50E-05,0.083425
11/10/2021,64995.23047,4636.174316,615.2780762,1.193372965,2.101802111,1.705656052,233.7795258,46.87133026,5.00E-05,0.061549999
11/11/2021,64949.96094,4730.384277,629.892334,1.218364,2.085524082,1.759541035,234.2407532,47.64762497,5.70E-05,0.060233001
11/12/2021,64155.94141,4667.115234,626.6425171,1.189355016,2.045766115,1.71570003,228.5020905,45.88080597,5.20E-05,0.058947001
11/13/2021,64469.52734,4651.460449,650.104126,1.191938043,2.053103924,1.754876971,241.8250275,47.12905502,5.20E-05,0.066441
11/14/2021,65466.83984,4626.358887,650.9180908,1.188596964,2.040853024,1.729668021,238.4255219,46.40182114,5.30E-05,0.061430998
11/15/2021,63557.87109,4557.503906,633.048645,1.171370983,2.015587091,1.691723943,237.5536041,44.68871689,5.30E-05,0.059335999
11/16/2021,60161.24609,4216.365234,589.822876,1.090934038,1.877235055,1.562981963,219.2390289,40.89931488,4.80E-05,0.059147
11/17/2021,60368.01172,4287.59375,578.0927734,1.096290946,1.875540018,1.634735942,218.7152405,42.70829391,4.80E-05,0.046959002
11/18/2021,56942.13672,4000.650879,532.2376099,1.041954041,1.788331032,1.498249054,195.4874115,39.0459671,4.20E-05,0.046021
11/19/2021,58119.57813,4298.306641,581.5308228,1.091492057,1.864792943,1.617964983,215.280014,41.26102066,4.90E-05,0.052664001
11/20/2021,59697.19531,4409.931152,603.8400269,1.097645998,1.921736002,1.664690971,218.015274,42.06042862,4.80E-05,0.051123999
11/21/2021,58730.47656,4269.73291,585.2942505,1.060173035,1.839763045,1.602403045,231.2826233,42.00570679,4.40E-05,0.053332001
11/22/2021,56289.28906,4088.457764,559.1270142,1.036622047,1.776554942,1.558411956,215.7372742,39.44787216,4.30E-05,0.060858
11/23/2021,57569.07422,4340.763672,591.4395752,1.067057014,1.750502944,1.753211021,221.8368988,40.79104233,4.20E-05,0.059555002
11/24/2021,56280.42578,4239.981445,581.3953247,1.042075038,1.686422944,1.680279016,214.9215393,39.3694191,4.00E-05,0.058696002
11/25/2021,57274.67969,4274.743164,603.7302246,1.031888008,1.651345015,1.787088037,206.2529907,38.45594788,4.00E-05,0.056426
11/26/2021,53569.76563,4030.908936,585.1473389,0.936349988,1.528419971,1.631860971,191.5117493,34.38590622,3.80E-05,0.047363002
11/27/2021,54815.07813,4096.912109,600.336792,0.947157979,1.546118021,1.614040017,193.1021576,35.18669891,3.90E-05,0.041188002
11/28/2021,57248.45703,4294.453613,611.3668213,0.968751013,1.592854977,1.651839972,200.676651,35.76512146,3.90E-05,0.041933998
11/29/2021,57806.56641,4445.10498,624.3100586,0.991961002,1.602507949,1.81782496,204.3193665,37.16265488,4.60E-05,0.042980999
11/30/2021,57005.42578,4631.479004,622.6698608,0.998754025,1.55490303,1.785351038,208.67099,37.960495,4.70E-05,0.044018999
12/1/2021,57229.82813,4586.990234,627.9715576,0.990930021,1.547713041,2.00829792,229.7992401,36.77326584,4.40E-05,0.044704001
12/2/2021,56477.81641,4511.302246,619.4701538,0.972311974,1.715366006,2.127288103,233.993042,35.75789261,4.20E-05,0.043664001
12/3/2021,53598.24609,4220.706055,594.6359863,0.922244012,1.556555033,2.268029928,211.2243958,33.63953018,4.00E-05,0.041522998
12/4/2021,49200.70313,4119.587402,569.0772705,0.847028971,1.420706034,1.980306029,201.1248322,29.36883736,3.70E-05,0.041088998
12/5/2021,49368.84766,4198.322754,557.7830811,0.805594981,1.378105044,2.045602083,196.1682587,28.3101387,3.60E-05,0.039188001
12/6/2021,50582.625,4358.737305,589.2561646,0.828288019,1.425392985,2.279711008,194.1992188,28.24952316,3.70E-05,0.041143
12/7/2021,50700.08594,4315.061523,579.6898804,0.818588018,1.381940961,2.366476059,190.5969086,30.5438652,3.60E-05,0.043341
12/8/2021,50504.79688,4439.35791,607.5927734,0.863306999,1.397073984,2.418730021,194.6217041,29.87049866,3.70E-05,0.041843999
12/9/2021,47672.12109,4119.815918,571.6489868,0.861271977,1.290439963,2.09027791,181.1780853,26.95192146,3.50E-05,0.039190002
12/10/2021,47243.30469,3908.496094,552.9668579,0.801096976,1.211688995,2.097673893,167.954834,26.45391464,3.40E-05,0.037622001
12/11/2021,49362.50781,4084.452393,564.3225098,0.839312971,1.354248047,2.132515907,171.9494934,27.77472878,3.40E-05,0.035847001
12/12/2021,50098.33594,4134.453125,570.8239746,0.841323972,1.347282052,2.086988926,173.4316711,29.60898018,3.70E-05,0.036311001
12/13/2021,46737.48047,3784.226807,521.0115967,0.782894015,1.225347996,1.820276976,155.2130585,25.97110558,3.30E-05,0.033245999
12/14/2021,46612.63281,3745.44043,511.2293701,0.796248972,1.222834945,1.802768946,153.3414459,26.16841888,3.40E-05,0.033479001
12/15/2021,48896.72266,4018.388672,541.0269775,0.827431023,1.311846972,2.122060061,178.3407898,27.14575958,3.40E-05,0.033962
12/16/2021,47665.42578,3962.469727,526.246521,0.806230009,1.240533948,2.072689056,176.9546661,26.04307747,3.30E-05,0.033282001
12/17/2021,46202.14453,3879.486572,525.7062988,0.799291015,1.219892025,2.12806797,175.5032959,24.66302681,3.10E-05,0.033298001
12/18/2021,46848.77734,3960.860107,533.8913574,0.827378988,1.242534041,2.231473923,182.8351288,25.49075699,3.10E-05,0.033822
12/19/2021,46707.01563,3922.592529,529.9720459,0.835033,1.244660974,2.222235918,180.098053,24.79140091,3.10E-05,0.030325999
12/20/2021,46880.27734,3933.844482,523.1624756,0.879827976,1.238240004,2.127742052,173.6717834,24.05067444,3.10E-05,0.029138001
12/21/2021,48936.61328,4020.26001,528.7109985,0.947646022,1.280858994,2.375984907,180.0925446,25.19419479,3.30E-05,0.029658001
12/22/2021,48628.51172,3982.099609,533.6449585,0.95469898,1.328040957,2.501101017,178.5971222,27.21607399,3.50E-05,0.03201
12/23/2021,50784.53906,4108.015625,548.7258301,0.993285,1.474691033,2.679162979,190.0363159,29.11109352,3.90E-05,0.033583
12/24/2021,50822.19531,4047.98291,541.9020386,0.912047029,1.392367005,2.467272997,190.2731934,28.13949776,3.60E-05,0.033815999
12/25/2021,50429.85938,4093.281006,547.3262329,0.924818993,1.453495026,2.636827946,193.1209259,28.83775711,3.80E-05,0.034061
12/26/2021,50809.51563,4067.328125,546.9949951,0.92118001,1.456045032,2.876756907,198.0007324,31.33283615,3.80E-05,0.034047998
12/27/2021,50640.41797,4037.547607,562.6414795,0.926183999,1.512912989,2.725954056,195.4295044,30.90867233,3.90E-05,0.035526
12/28/2021,47588.85547,3800.893066,534.9280396,0.852959991,1.402263999,2.4982059,177.4256287,27.90710258,3.50E-05,0.033746999
12/29/2021,46444.71094,3628.531738,514.0007935,0.816713989,1.330814004,2.470005989,170.6575623,26.74437332,3.40E-05,0.031318001
12/30/2021,47178.125,3713.852051,518.909729,0.839649022,1.360414982,2.55775094,172.7511902,27.56778908,3.40E-05,0.031659
12/31/2021,46306.44531,3682.632813,511.708313,0.831162989,1.310209036,2.527107,170.2990723,26.71967506,3.30E-05,0.032136999
1/1/2022,47686.8125,3769.697021,527.3527222,0.849471986,1.37697506,2.574790955,178.5179443,28.58358192,3.40E-05,0.033020999
1/2/2022,47345.21875,3829.564941,531.3966675,0.859117985,1.377583981,2.549190044,176.382843,29.73116684,3.40E-05,0.033103
1/3/2022,46458.11719,3761.380371,512.1359863,0.832885027,1.321637034,2.432651997,170.2977448,30.10510063,3.30E-05,0.030884
1/4/2022,45897.57422,3794.056641,507.5061035,0.824672997,1.311658025,2.367248058,167.9389038,28.77773094,3.20E-05,0.030788001
1/5/2022,43569.00391,3550.386963,475.0569458,0.774357975,1.236001968,2.195475101,155.0997314,26.79614067,3.00E-05,0.032450002
1/6/2022,43160.92969,3418.408203,473.2756042,0.781346023,1.279782057,2.250780106,150.4313507,26.7608223,3.10E-05,0.032706
1/7/2022,41557.90234,3193.210449,447.7884827,0.763073981,1.211547017,2.053826094,136.4028168,24.92523956,2.90E-05,0.031709
1/8/2022,41733.94141,3091.972656,430.2461548,0.747687995,1.18751204,1.995859981,142.5134583,24.02912903,2.80E-05,0.030968999
1/9/2022,41911.60156,3157.751465,438.8030701,0.754504979,1.173859954,2.115518093,140.8390045,24.62731934,2.80E-05,0.032724001
1/10/2022,41821.26172,3083.0979,424.9337769,0.739335001,1.128051996,2.071801901,135.9549408,23.78005981,2.70E-05,0.028965
1/11/2022,42735.85547,3238.111572,463.5183105,0.770554006,1.185109973,2.356945038,140.1838531,25.54393005,2.80E-05,0.033576999
1/12/2022,43949.10156,3372.258301,487.0074158,0.79954797,1.304535031,2.392591,151.7031097,27.31949425,3.20E-05,0.035587002
1/13/2022,42591.57031,3248.288574,475.0291138,0.768328011,1.233160973,2.263317108,146.0100403,25.82888985,3.00E-05,0.034770999
1/14/2022,43099.69922,3310.001465,489.8674316,0.774296999,1.29092598,2.33772707,146.1590271,27.71286392,3.10E-05,0.035505001
1/15/2022,43177.39844,3330.530762,494.9880676,0.781422973,1.29626298,2.353693008,147.801178,27.73683357,3.10E-05,0.035826001
1/16/2022,43113.87891,3350.921875,498.4279175,0.778954029,1.407251,2.329822063,147.8565216,27.66512871,3.10E-05,0.035234001
1/17/2022,42250.55078,3212.304932,475.7098694,0.762741983,1.594130993,2.221970081,139.9260101,25.72735214,2.90E-05,0.034162998
1/18/2022,42375.63281,3164.025146,472.0050659,0.752631009,1.465541005,2.12843895,141.5871887,25.16892815,2.80E-05,0.032552
1/19/2022,41744.32813,3095.825928,462.8220825,0.739749014,1.341757059,2.035978079,135.7923889,24.12955284,2.70E-05,0.032021999
1/20/2022,40680.41797,3001.120117,440.0054321,0.719421029,1.258054972,1.960373044,127.2052841,22.98488617,2.60E-05,0.028749
1/21/2022,36457.31641,2557.931641,383.0739136,0.635738015,1.123232961,1.698989987,111.9660568,19.64629364,2.20E-05,0.024121
1/22/2022,35030.25,2405.181152,358.0961609,0.596041977,1.066715956,1.530622959,94.17836761,18.22985649,2.10E-05,0.022729
1/23/2022,36276.80469,2535.039063,383.93396,0.628755987,1.122370958,1.616248012,99.57822418,18.82877541,2.20E-05,0.024298999
1/24/2022,36654.32813,2440.352295,371.3689575,0.612138987,1.066598058,1.507573009,91.65016174,18.03674889,2.10E-05,0.022298001
1/25/2022,36954.00391,2455.935059,384.6193542,0.617563009,1.043573976,1.55853796,94.72035217,18.34864616,2.10E-05,0.023073999
1/26/2022,36852.12109,2468.030273,375.7554626,0.622071981,1.079046965,1.591055036,92.23804474,18.07683945,2.10E-05,0.02318
1/27/2022,37138.23438,2423.001221,390.0882874,0.608770013,1.043532968,1.59168303,89.63249207,18.1348114,2.10E-05,0.018962
1/28/2022,37784.33203,2547.092041,386.0843811,0.612511992,1.050606012,1.679216981,91.31289673,18.33958054,2.10E-05,0.018684
1/29/2022,38138.17969,2597.084717,389.132782,0.616935015,1.059569955,1.694964051,96.22348785,18.71024132,2.20E-05,0.0188
1/30/2022,37917.60156,2603.466553,377.612915,0.603181005,1.037472963,1.60532999,93.29767609,18.17252731,2.10E-05,0.018657001
1/31/2022,38483.125,2688.278809,375.2773132,0.619149029,1.052302957,1.643921018,99.7388382,19.42054558,2.10E-05,0.018959001
2/1/2022,38743.27344,2792.117188,385.4638062,0.629233003,1.088624001,1.647593021,109.978981,19.61420441,2.20E-05,0.019383
2/2/2022,36952.98438,2682.854004,367.4716797,0.601482987,1.028905988,1.541885018,101.8376007,18.79689789,2.10E-05,0.018655
2/3/2022,37154.60156,2679.162598,370.8777466,0.607684016,1.056444049,1.550246,101.4590378,18.81250763,2.10E-05,0.018745
2/4/2022,41500.875,2983.586914,399.0296021,0.655876994,1.135624051,1.690829992,112.1742477,20.42466354,2.20E-05,0.019626999
2/5/2022,41441.16406,3014.648193,414.2000122,0.667127013,1.127344966,1.714359999,113.8943024,21.36698914,2.30E-05,0.020825
2/6/2022,42412.43359,3057.476074,419.5455627,0.683646977,1.144546986,1.739951015,115.2997589,21.90333557,2.80E-05,0.021049
2/7/2022,43840.28516,3142.470703,433.2292786,0.82781899,1.197306991,2.019141912,117.3551483,22.36450958,3.30E-05,0.021777
2/8/2022,44118.44531,3122.608643,408.7767639,0.878193974,1.178719997,1.948614001,113.5954819,21.68914795,3.10E-05,0.020265
2/9/2022,44338.79688,3239.457031,422.4655457,0.870626986,1.194810033,2.042768002,114.0193787,21.93041229,3.30E-05,0.020919001
2/10/2022,43565.11328,3077.482178,415.1192322,0.830009997,1.15247798,1.895882964,106.2028046,20.63505363,3.10E-05,0.020746
2/11/2022,42407.9375,2927.383545,400.4223938,0.760226011,1.080346942,1.714620948,96.38188171,18.9624424,2.90E-05,0.020345001
2/12/2022,42244.46875,2917.362793,403.38974,0.82240802,1.058199048,1.699511051,95.91820526,18.81874084,2.90E-05,0.021472
2/13/2022,42197.51563,2883.463379,398.8867798,0.810272992,1.045819044,1.670021057,93.24410248,18.83148575,3.00E-05,0.021051999
2/14/2022,42586.91797,2933.479004,403.6607971,0.80221802,1.050266981,1.658877969,96.43327332,18.7147541,3.00E-05,0.023282999
2/15/2022,44575.20313,3179.877197,432.4093933,0.852333009,1.107586026,1.862854958,104.8733063,20.14467621,3.10E-05,0.025023
2/16/2022,43961.85938,3127.830078,427.9181213,0.839035988,1.084980965,1.838526011,101.9328995,19.80115509,3.10E-05,0.022190999
2/17/2022,40538.01172,2881.481934,402.4500427,0.767172992,1.019894958,1.656870008,93.41042328,18.1099205,2.80E-05,0.021615
2/18/2022,40030.97656,2785.727539,399.5691833,0.785889983,0.997112989,1.595514059,90.06546021,17.84569931,2.80E-05,0.021724001
2/19/2022,40122.15625,2763.701172,400.0435791,0.822528005,0.997703016,1.631834984,91.4966507,17.8922596,2.80E-05,0.022761
2/20/2022,38431.37891,2628.648438,380.8259277,0.778295994,0.932901978,1.515848994,90.90141296,16.93050957,2.60E-05,0.021632999
2/21/2022,37075.28125,2573.816162,356.6612549,0.703465998,0.858236015,1.408787012,83.12316132,16.19212151,2.40E-05,0.019424001
2/22/2022,38286.02734,2639.299316,374.3074646,0.722832978,0.889016986,1.464475989,86.46538544,16.56427574,2.50E-05,0.020328
2/23/2022,37296.57031,2590.359619,366.5394897,0.698746026,0.869168997,1.442373991,84.90278625,16.00956917,2.50E-05,0.020323999
2/24/2022,38332.60938,2598.067139,361.2346497,0.696272016,0.853425026,1.439592957,89.19474792,16.17091751,2.40E-05,0.01973
2/25/2022,39214.21875,2764.535645,374.9149475,0.768903017,0.898027003,1.550650001,92.59882355,17.25030518,2.50E-05,0.022120001
2/26/2022,39105.14844,2781.111816,373.6387634,0.750972986,0.887917995,1.515293956,90.14156342,18.02455902,2.40E-05,0.021833999
2/27/2022,37709.78516,2621.801758,360.5310364,0.721992016,0.858335018,1.453001976,85.5190506,17.47341347,2.30E-05,0.021160999
2/28/2022,43193.23438,2919.201172,395.6124268,0.782043993,0.959828019,1.611191034,99.5203476,18.94108772,2.60E-05,0.021219
3/1/2022,44354.63672,2972.485107,408.4822998,0.784861982,0.962346017,1.621351957,98.65355682,18.8805027,2.70E-05,0.024134001
3/2/2022,43924.11719,2950.118408,409.0003052,0.768495977,0.938661993,1.635244966,100.6496353,18.59346771,2.60E-05,0.024180001
3/3/2022,42451.78906,2834.468994,402.5506897,0.752184987,0.902658999,1.584413052,95.53919983,18.01932335,2.50E-05,0.022606
3/4/2022,39137.60547,2617.156006,374.2808838,0.712671995,0.842889011,1.474946022,88.24597931,16.75708008,2.40E-05,0.021413
3/5/2022,39400.58594,2664.831055,384.8733521,0.754899979,0.865671992,1.508265972,89.64784241,17.31272125,2.50E-05,0.022247
3/6/2022,38419.98438,2555.037354,375.0112,0.725993991,0.823751986,1.43669796,84.54218292,16.97882462,2.40E-05,0.02156
3/7/2022,38062.03906,2497.77124,381.344635,0.723286986,0.797379017,1.416363001,82.13006592,16.43149567,2.30E-05,0.021702001
3/8/2022,38737.26953,2576.747559,381.9585571,0.720977008,0.801249981,1.445284009,82.25476074,16.95365143,2.30E-05,0.021748001
3/9/2022,41982.92578,2729.783447,393.5557556,0.767235994,0.849292994,1.506816983,88.20206451,17.86667633,2.40E-05,0.023089999
3/10/2022,39437.46094,2608.048584,372.1590271,0.737465024,0.806316018,1.439196944,82.93908691,16.97911835,2.30E-05,0.021826001
3/11/2022,38794.97266,2559.562988,372.1840515,0.802155018,0.790125012,1.406504035,80.74499512,17.73442268,2.20E-05,0.023063
3/12/2022,38904.01172,2574.75415,372.7303772,0.786587,0.790673971,1.399484992,81.55381775,18.15392303,2.20E-05,0.023126001
3/13/2022,37849.66406,2518.94458,361.849823,0.761350989,0.790995002,1.362876058,78.9360733,17.24793243,2.20E-05,0.022476999
3/14/2022,39666.75391,2590.696045,373.466156,0.774655998,0.803916991,1.377899051,81.17333984,17.69595146,2.20E-05,0.060132001
3/15/2022,39338.78516,2620.149658,371.6288452,0.766782999,0.800005972,1.380195975,82.95508575,17.82899666,2.20E-05,0.169425994
3/16/2022,41143.92969,2772.055664,385.5282288,0.793537974,0.838374019,1.468358994,87.90362549,19.05336761,2.30E-05,0.25614199
3/17/2022,40951.37891,2814.854492,391.8247375,0.793502986,0.836784005,1.449110985,87.87684631,18.75173187,2.20E-05,0.060325999
3/18/2022,41801.15625,2945.343018,397.6455078,0.798265994,0.853433013,1.499554992,89.82203674,18.99189186,2.20E-05,0.087235004
3/19/2022,42190.65234,2946.25708,399.8535461,0.819373012,0.901099026,1.528071046,92.41815186,19.3595047,2.40E-05,0.074928001
3/20/2022,41247.82422,2860.459229,390.7683716,0.806120992,0.877092004,1.463919044,88.61486053,18.63864326,2.30E-05,0.063359998
3/21/2022,41077.99609,2897.976563,396.4478149,0.838151991,0.916782022,1.466493011,88.75720215,18.79527092,2.30E-05,0.051300999
3/22/2022,42358.80859,2973.131104,404.3149414,0.837096989,0.976440012,1.505447984,90.51296997,20.25219917,2.30E-05,0.043543
3/23/2022,42892.95703,3031.067139,408.6097717,0.837886989,1.107481956,1.556303024,95.10268402,21.00395584,2.40E-05,0.043618999
3/24/2022,43960.93359,3108.062012,414.1269836,0.842967987,1.130010962,1.628764987,102.2236938,21.24549103,2.50E-05,0.043060999
3/25/2022,44348.73047,3106.671387,410.8111572,0.825127006,1.097887993,1.579573035,98.65810394,20.54728508,2.40E-05,0.040057998
3/26/2022,44500.82813,3143.178955,415.9197998,0.832772017,1.150593996,1.610803008,101.764183,20.88795662,2.40E-05,0.038729999
3/27/2022,46820.49219,3291.577637,430.5032654,0.857343018,1.18214798,1.693480968,107.0842209,22.44786263,2.60E-05,0.035704002
3/28/2022,47128.00391,3336.634521,430.3908691,0.863304019,1.170184016,1.660387039,106.4652557,21.97044945,2.60E-05,0.029355001
3/29/2022,47465.73047,3401.987793,434.5056763,0.85799998,1.191112041,1.674787045,111.7103119,22.48617935,2.70E-05,0.029453
3/30/2022,47062.66406,3385.157959,442.684845,0.860813975,1.190384984,1.68461895,120.6994858,22.46834755,2.70E-05,0.034263
3/31/2022,45538.67578,3281.642822,428.9161072,0.81456399,1.141850948,1.617285967,122.6614609,21.30251122,2.60E-05,0.03365
4/1/2022,46281.64453,3449.552246,446.6042786,0.827740014,1.165424943,1.693914056,134.4309387,22.01698685,2.60E-05,0.033861
4/2/2022,45868.94922,3445.059326,436.9553528,0.824918985,1.156007051,1.654024959,132.1988678,22.64453506,2.60E-05,0.035126999
4/3/2022,46453.56641,3522.833496,450.348877,0.842949986,1.185940981,1.688809991,136.7753296,23.20824623,2.70E-05,0.035101
4/4/2022,46622.67578,3521.241211,447.5249329,0.827251017,1.212944984,1.64991796,132.4126282,22.65777016,2.60E-05,0.034476999
4/5/2022,45555.99219,3411.79248,445.1726074,0.817641973,1.170801044,1.592921019,126.862236,21.78971481,2.70E-05,0.032844
4/6/2022,43206.73828,3171.691895,420.1463623,0.761313975,1.052770972,1.458747029,112.8833847,19.83963394,2.40E-05,0.031385001
4/7/2022,43503.84766,3233.274658,436.7967834,0.787999988,1.091894031,1.514053941,118.7965164,20.4263916,2.50E-05,0.031284999
4/8/2022,42287.66406,3192.073975,421.6772461,0.754055977,1.026325941,1.435701966,109.8008804,19.40088463,2.40E-05,0.029361
4/9/2022,42782.13672,3261.91626,427.1530457,0.763584971,1.045014977,1.464321971,112.9727936,19.78758621,2.50E-05,0.029366
4/10/2022,42207.67188,3211.866943,418.5906677,0.756614029,1.030884981,1.433465004,111.7424393,19.28530693,2.50E-05,0.028787
4/11/2022,39521.90234,2981.052246,394.0868835,0.695023,0.920449972,1.33317399,99.3391037,17.18889236,2.20E-05,0.027109001
4/12/2022,40127.18359,3030.376465,413.8739319,0.716614008,0.955145001,1.392868042,103.3063889,17.78587914,2.70E-05,0.031629998
4/13/2022,41166.73047,3118.344238,423.1301575,0.723850012,0.974695981,1.420106053,105.0019455,18.19849968,2.70E-05,0.031957
4/14/2022,39935.51563,3019.909424,414.6637268,0.726818979,0.932412028,1.372640967,100.7078018,17.93079567,2.60E-05,0.030875999
4/15/2022,40553.46484,3040.916504,417.2937317,0.785674989,0.95471698,1.396420956,101.3097763,18.35092163,2.60E-05,0.029038999
4/16/2022,40424.48438,3062.310303,417.4784546,0.78184098,0.952639997,1.390931964,102.2573166,18.63007927,2.60E-05,0.028678
4/17/2022,39716.95313,2993.40332,407.3777161,0.75315398,0.917465985,1.340073943,100.4096985,17.78047371,2.50E-05,0.027824
4/18/2022,40826.21484,3057.606689,416.9684143,0.768016994,0.936730027,1.421154976,102.1585312,18.16954613,2.50E-05,0.029289
4/19/2022,41502.75,3104.106445,422.3870544,0.775062978,0.95333302,1.428176045,108.5820313,18.89681244,2.50E-05,0.027301
4/20/2022,41374.37891,3077.74585,418.354248,0.752178013,0.937340975,1.41774404,105.4970016,19.08877754,2.50E-05,0.028361
4/21/2022,40527.36328,2987.480713,405.0214539,0.73317802,0.910474002,1.379861951,101.7761383,18.1859951,2.40E-05,0.026675999
4/22/2022,39740.32031,2964.835693,406.9875183,0.719193995,0.907154024,1.399139047,100.6120529,18.29912949,2.40E-05,0.026686
4/23/2022,39486.73047,2938.114014,401.6524658,0.707705021,0.888503015,1.365970969,100.7444382,18.73267174,2.40E-05,0.029453
4/24/2022,39469.29297,2922.732666,399.1053772,0.698738992,0.886349976,1.344244957,99.23579407,18.15865707,2.40E-05,0.028787
4/25/2022,40458.30859,3009.393555,404.3502808,0.694426,0.898694992,1.35266602,101.2476349,18.11997986,2.40E-05,0.026735
4/26/2022,38117.46094,2808.29834,385.4830627,0.641699016,0.827645004,1.242833018,95.78215027,16.65060043,2.30E-05,0.024504
4/27/2022,39241.12109,2888.929688,391.4458313,0.652318001,0.840595007,1.257684946,98.3788681,16.94801712,2.30E-05,0.023259001
4/28/2022,39773.82813,2936.940918,406.7182007,0.644362986,0.843949974,1.238903999,98.18572998,16.99651337,2.30E-05,0.023518
4/29/2022,38609.82422,2815.601807,393.0621643,0.611406982,0.805042982,1.140578985,94.01134491,16.1627903,2.20E-05,0.022983
4/30/2022,37714.875,2730.186768,377.7678223,0.587091029,0.756659985,1.035750031,85.09593201,14.51993942,2.00E-05,0.020799
5/1/2022,38469.09375,2827.756104,390.2819824,0.607843995,0.790344,1.101163983,89.67150879,15.38172913,2.20E-05,0.02289
5/2/2022,38529.32813,2857.4104,389.6706543,0.614269018,0.781529009,1.077590942,87.58101654,14.97844315,2.10E-05,0.021013999
5/3/2022,37750.45313,2783.476318,383.4757996,0.604848981,0.771144986,1.075958967,85.84237671,14.72703743,2.00E-05,0.020684
5/4/2022,39698.37109,2940.644775,402.502655,0.646474004,0.896942019,1.171031952,92.77085114,16.3052578,2.20E-05,0.023105999
5/5/2022,36575.14063,2749.213135,378.7736206,0.598886013,0.791152,1.064690948,84.59602356,14.58102798,2.00E-05,0.020880001
5/6/2022,36040.92188,2694.979736,379.3042908,0.602569997,0.783358991,1.044132948,81.76410675,14.31310177,2.00E-05,0.021546001
5/7/2022,35501.95313,2636.093018,365.6841125,0.582346976,0.761882007,1.021203995,78.98342133,13.77565384,1.90E-05,0.020773999
5/8/2022,34059.26563,2517.459961,355.3987427,0.566527009,0.739562988,0.974345028,75.22018433,13.2540741,1.80E-05,0.018084001
5/9/2022,30296.95313,2245.43042,299.348938,0.492940009,0.610087991,0.821914971,63.26965332,10.76703644,1.40E-05,0.014943
5/10/2022,31022.90625,2343.510986,319.3269653,0.513625979,0.628962994,0.890408993,66.76615143,11.3584919,1.60E-05,0.015843
5/11/2022,28936.35547,2072.108643,269.9627686,0.413376004,0.512799978,0.666290998,50.21084976,8.956188202,1.20E-05,0.013819
5/12/2022,29047.75195,1961.701538,269.4072571,0.385206014,0.473746002,0.601539016,44.68358994,8.745312691,1.10E-05,0.01323
5/13/2022,29283.10352,2014.418213,290.584198,0.423417002,0.52887702,0.667541981,48.59355164,10.49330044,1.30E-05,0.014111
5/14/2022,30101.26563,2056.273926,297.3876038,0.427774012,0.53935802,0.686138988,52.41722488,11.3506813,1.30E-05,0.01457
5/15/2022,31305.11328,2145.706787,312.0077209,0.447371006,0.597500026,0.737565994,58.81126022,11.79557228,1.30E-05,0.015222
5/16/2022,29862.91797,2022.725952,297.7101135,0.422499001,0.556716025,0.677281976,53.64646149,10.62463474,1.20E-05,0.014665
5/17/2022,30425.85742,2090.40918,305.9634399,0.437622994,0.578077018,0.726942003,57.12562561,11.03423595,1.30E-05,0.015629999
5/18/2022,28720.27148,1916.656128,287.4387817,0.406165987,0.505614996,0.627577007,49.75621033,9.50667572,1.20E-05,0.014862
5/19/2022,30314.33398,2018.336182,306.7915649,0.419975996,0.533321023,0.658816993,52.21397781,10.04160595,1.20E-05,0.016132001
5/20/2022,29200.74023,1961.315674,302.3592224,0.411137015,0.517907023,0.636510015,49.53850937,9.684747696,1.20E-05,0.017617
5/21/2022,29432.22656,1974.518311,312.4660339,0.414673001,0.528313994,0.64933902,50.31798172,9.992506981,1.20E-05,0.016708
5/22/2022,30323.72266,2043.170166,319.6090088,0.422336996,0.542617977,0.678312004,52.75518036,10.18610764,1.20E-05,0.017491
5/23/2022,29098.91016,1972.181885,316.7605591,0.404671013,0.512605011,0.641938984,49.05685043,9.886960983,1.20E-05,0.01726
5/24/2022,29655.58594,1978.982788,328.1893311,0.408713013,0.521224022,0.661553979,49.65333557,10.18118,1.20E-05,0.017648
5/25/2022,29562.36133,1944.827881,325.7348022,0.405784994,0.513876975,0.645927012,47.98242569,9.866581917,1.20E-05,0.017643001
5/26/2022,29267.22461,1803.91333,304.9639282,0.393169999,0.480883002,0.601060987,43.49121094,9.181024551,1.10E-05,0.016618
5/27/2022,28627.57422,1724.922852,300.9720459,0.381787002,0.45550701,0.573575974,40.98134613,9.131902695,1.00E-05,0.016224001
5/28/2022,28814.90039,1757.941772,307.8154297,0.386323005,0.464763999,0.587884009,44.34316254,9.6662817,1.10E-05,0.016264001
5/29/2022,29445.95703,1812.031006,305.9750671,0.389016002,0.48112601,0.598549008,44.90961456,9.980676651,1.20E-05,0.016186001
5/30/2022,31726.39063,1996.441284,321.7528992,0.418175012,0.570073009,0.657167971,47.17944336,10.45489597,1.20E-05,0.01929
5/31/2022,31792.31055,1942.328003,320.4851074,0.421867013,0.625253975,0.662087023,45.76784134,10.36619663,1.20E-05,0.01912
6/1/2022,29799.08008,1823.569336,300.5040588,0.398084998,0.552749991,0.601777971,40.26966858,9.471385002,1.10E-05,0.017372999
6/2/2022,30467.48828,1834.150513,308.1017761,0.405301988,0.587795019,0.619414985,40.89134598,9.897680283,1.10E-05,0.017709
6/3/2022,29704.39063,1775.078613,298.3978882,0.390765995,0.559657991,0.589917004,38.25922012,9.376930237,1.10E-05,0.016999001
6/4/2022,29832.91406,1801.609497,301.631134,0.39230901,0.566069007,0.595656991,38.93144608,9.430592537,1.10E-05,0.017531
6/5/2022,29906.66211,1805.204956,298.9347229,0.39537999,0.567089975,0.597949982,38.4805336,9.344997406,1.10E-05,0.017638
6/6/2022,31370.67188,1859.289673,295.3960266,0.403010994,0.609327972,0.632501006,42.43313217,9.492770195,1.10E-05,0.017480999
6/7/2022,31155.47852,1814.04834,290.3411255,0.407701999,0.615445018,0.616659999,39.43757248,9.228157043,1.10E-05,0.01725
6/8/2022,30214.35547,1793.572266,288.6160889,0.400647998,0.64161402,0.607429028,38.84336853,9.003771782,1.10E-05,0.017857
6/9/2022,30111.99805,1789.82605,289.9196472,0.400323987,0.632920027,0.633665025,39.97260666,9.232092857,1.10E-05,0.017286999
6/10/2022,29083.80469,1665.042236,286.0466919,0.38173601,0.574216008,0.594995975,37.08976746,8.652823448,1.00E-05,0.016461
6/11/2022,28360.81055,1529.663452,269.4869995,0.359025002,0.552776992,0.538565993,33.8211174,8.016177177,9.00E-06,0.003268
6/12/2022,26762.64844,1445.216553,255.950882,0.345490009,0.496861011,0.501901984,30.74327087,7.450017929,9.00E-06,0.003557
6/13/2022,22487.38867,1204.582764,222.5057831,0.310802013,0.463133007,0.427882999,28.19236183,7.010198116,8.00E-06,0.00278
6/14/2022,22206.79297,1211.662842,223.2212524,0.322142988,0.484385997,0.41576001,29.71461868,7.365457058,8.00E-06,0.002647
6/15/2022,22572.83984,1233.206421,233.3967133,0.343703002,0.533295989,0.437748998,34.48794174,8.510278702,9.00E-06,0.00157
6/16/2022,20381.65039,1067.730713,209.5387421,0.312056005,0.475021988,0.381927013,29.98974228,7.099977016,8.00E-06,0.001285
6/17/2022,20471.48242,1086.519287,215.8917999,0.321381003,0.487392008,0.399841011,30.74291992,7.294320107,8.00E-06,0.001551
6/18/2022,19017.64258,993.6367798,197.0429993,0.308090001,0.456182003,0.346659005,31.80793571,7.05811882,8.00E-06,0.001562
6/19/2022,20553.27148,1127.656494,214.9205322,0.326052994,0.484364003,0.383109003,34.24374771,7.516707897,8.00E-06,0.001951
6/20/2022,20599.53711,1127.642456,216.9342651,0.323345989,0.492260993,0.400759012,35.41711426,7.886880875,8.00E-06,0.002117
6/21/2022,20710.59766,1124.824585,219.4986267,0.328626007,0.479203999,0.418877989,36.1211586,7.742199898,1.10E-05,0.002473
6/22/2022,19987.0293,1051.421875,214.2619171,0.322584987,0.458568007,0.456557989,34.12163544,7.408511162,1.00E-05,0.002433
6/23/2022,21085.87695,1143.386719,228.9537506,0.335530996,0.480291992,0.561469018,38.17523193,7.787092209,1.00E-05,0.002825
6/24/2022,21231.65625,1226.844727,240.2383118,0.367587,0.499224007,0.612200975,42.21204758,8.205907822,1.10E-05,0.003266
6/25/2022,21502.33789,1243.446899,239.6906586,0.367556006,0.498946011,0.600476027,42.33281326,8.133730888,1.20E-05,0.003368
6/26/2022,21027.29492,1199.831665,233.8587494,0.358864009,0.489652991,0.56072402,39.40808868,7.835564137,1.10E-05,0.003968
6/27/2022,20735.47852,1193.680664,233.6540222,0.353235006,0.485790014,0.53273201,38.45125198,7.7441082,1.10E-05,0.00398
6/28/2022,20280.63477,1144.579224,226.9273376,0.337329,0.469671011,0.511107028,35.3264389,7.310051918,1.00E-05,0.004364
6/29/2022,20104.02344,1098.943848,219.2844696,0.328978002,0.465508997,0.495231986,33.87390137,7.009116173,1.00E-05,0.004087
6/30/2022,19784.72656,1067.298828,219.3000946,0.331447989,0.458849013,0.477371007,33.58841705,7.03986311,1.00E-05,0.004042
7/1/2022,19269.36719,1059.767334,216.0154572,0.313677013,0.448089004,0.461237013,32.80307007,6.729926109,1.00E-05,0.003912
7/2/2022,19242.25586,1066.512817,218.0352325,0.315578997,0.456351012,0.493041992,33.35940933,6.825884819,1.00E-05,0.003338
7/3/2022,19297.07617,1073.766968,218.9803162,0.321702987,0.455587,0.460639,33.38593292,6.843846798,1.00E-05,0.003475
7/4/2022,20231.26172,1151.059082,231.5741272,0.328790009,0.46964401,0.491593003,36.78503036,7.173793793,1.00E-05,0.003625
7/5/2022,20190.11523,1134.541016,230.8463593,0.325423002,0.457632005,0.511717975,35.39555359,6.849418163,1.00E-05,0.003894
7/6/2022,20548.24609,1186.973999,238.499939,0.332271993,0.462179005,0.525264978,37.07356262,6.929979801,1.00E-05,0.003714
7/7/2022,21637.58789,1237.593384,241.5445099,0.342150986,0.477811992,0.562543988,38.51830673,7.310357094,1.10E-05,0.004024
7/8/2022,21731.11719,1222.506226,240.7507172,0.341627985,0.467310995,0.606265008,38.28672028,7.071249962,1.10E-05,0.00395
7/9/2022,21592.20703,1216.978271,243.2410736,0.344951987,0.478760004,0.589583993,38.07196045,7.261516094,1.20E-05,0.004094
7/10/2022,20860.44922,1168.401611,234.6555786,0.325663,0.46322,0.571268022,36.69760895,6.858699799,1.10E-05,0.0041
7/11/2022,19970.55664,1097.236572,225.8585052,0.314296991,0.435519993,0.563525021,33.46360016,6.536404133,1.00E-05,0.003952
7/12/2022,19323.91406,1038.19165,220.4645538,0.311659008,0.41792801,0.539861977,32.75759506,6.298569202,1.00E-05,0.00383
7/13/2022,20212.07422,1113.587158,230.524765,0.323729992,0.438107997,0.635946989,34.91093826,6.469764233,1.10E-05,0.00369
7/14/2022,20569.91992,1191.526245,238.1644745,0.333220989,0.441024989,0.707588971,37.10782242,6.718585968,1.10E-05,0.004188
7/15/2022,20836.32813,1233.12915,238.5739899,0.334535003,0.442456007,0.704670012,37.41592789,6.805499077,1.10E-05,0.004193
7/16/2022,21190.31641,1352.626465,249.5938721,0.350861013,0.457230002,0.726830006,39.57412338,7.17599678,1.10E-05,0.004742
7/17/2022,20779.34375,1338.635742,247.8484802,0.343412012,0.447353005,0.753013015,38.64472198,6.923593044,1.10E-05,0.004716
7/18/2022,22485.68945,1578.717896,264.8860474,0.366176993,0.492543012,0.961780012,43.7461586,7.68422699,1.20E-05,0.004464
7/19/2022,23389.43359,1542.97522,268.8173218,0.373225003,0.515767992,0.925791025,44.89987564,7.802577972,1.20E-05,0.006075
7/20/2022,23231.73242,1520.200684,258.3388062,0.360484004,0.491043001,0.832758009,42.09366989,7.464480877,1.20E-05,0.005705
7/21/2022,23164.62891,1576.749512,265.4625549,0.367036015,0.50009799,0.907405972,43.19059372,7.529248238,1.20E-05,0.006239
7/22/2022,22714.97852,1537.405151,262.8774414,0.358604014,0.483945996,0.853441,40.61850357,7.309357166,1.20E-05,0.00647
7/23/2022,22465.47852,1549.297485,259.4630127,0.359540999,0.517368019,0.875423014,40.04097748,7.331504822,1.20E-05,0.006356
7/24/2022,22609.16406,1599.476685,261.8648682,0.359259993,0.513813972,0.881263018,41.00658417,7.413887024,1.20E-05,0.006188
7/25/2022,21361.70117,1445.383423,245.1484985,0.337314993,0.476249993,0.77572602,36.71199799,6.769231796,1.10E-05,0.005079
7/26/2022,21239.75391,1441.806763,248.958374,0.337816,0.467606992,0.78024298,36.19085312,6.766584873,1.10E-05,0.005138
7/27/2022,22930.54883,1636.232666,271.504364,0.359118015,0.510553002,0.895695984,40.30784988,7.666439056,1.10E-05,0.00551
7/28/2022,23843.88672,1725.46814,277.2939148,0.373376012,0.513328016,0.936113,42.84526825,7.861245155,1.20E-05,0.005558
7/29/2022,23804.63281,1727.406982,293.9533386,0.368674994,0.52333498,0.938741982,41.92699814,8.185586929,1.20E-05,0.006966
7/30/2022,23656.20703,1695.969482,287.5361328,0.387764007,0.525575995,0.929612994,43.75588989,8.208561897,1.20E-05,0.007034
7/31/2022,23336.89648,1681.517334,283.5794678,0.380457997,0.517019987,0.928264976,42.4002037,8.645670891,1.20E-05,0.006636
8/1/2022,23314.19922,1635.195801,283.5394897,0.379976004,0.514123023,0.894406021,41.78648376,8.194031715,1.20E-05,0.0064
8/2/2022,22978.11719,1632.945435,283.8209839,0.37202099,0.496832997,0.879157007,39.75450516,7.93899107,1.20E-05,0.006458
8/3/2022,22846.50781,1618.874512,298.356781,0.369852006,0.500988007,0.887697995,38.54441833,8.007531166,1.20E-05,0.006744
8/4/2022,22630.95703,1608.205811,310.7060547,0.371351004,0.499668002,0.891879976,38.83067322,8.089339256,1.20E-05,0.007911
8/5/2022,23289.31445,1732.254639,315.1855469,0.37659499,0.517503023,0.927658975,40.56103134,8.813465118,1.20E-05,0.007725
8/6/2022,22961.2793,1691.658081,315.0689087,0.371571004,0.51125598,0.907335997,40.05700684,8.516014099,1.20E-05,0.007705
8/7/2022,23175.89063,1699.35083,322.9211426,0.372505993,0.527469993,0.906690001,40.60559082,8.646408081,1.20E-05,0.008028
8/8/2022,23809.48633,1775.516113,324.800415,0.37875399,0.536596,0.921549976,42.1705513,9.268288612,1.20E-05,0.007495
8/9/2022,23164.31836,1703.025024,324.912323,0.368101001,0.514051974,0.890507996,40.37262344,8.906953812,1.20E-05,0.007338
8/10/2022,23947.64258,1851.742676,328.4711609,0.381065011,0.537092984,0.937327981,42.36586761,9.502070427,1.20E-05,0.00737
8/11/2022,23957.5293,1881.224121,323.8002319,0.380562991,0.531257987,0.921404004,42.82178879,9.208972931,1.20E-05,0.007211
8/12/2022,24402.81836,1957.24646,327.514679,0.379994988,0.540753007,0.933907986,45.33475876,9.47953701,1.30E-05,0.007353
8/13/2022,24424.06836,1981.336548,323.8701477,0.37796399,0.559813023,1.024847031,46.48534775,9.290427208,1.30E-05,0.007318
8/14/2022,24319.33398,1936.802002,317.9866333,0.376450986,0.570343018,1.000908971,44.91656876,8.958501816,1.70E-05,0.007165
8/15/2022,24136.97266,1904.228149,319.8872986,0.375773996,0.551171005,0.95203501,43.82322311,8.802429199,1.50E-05,0.007019
8/16/2022,23883.29102,1878.139404,316.4236755,0.377236992,0.557914972,0.935796022,43.15880585,8.842569351,1.60E-05,0.006928
8/17/2022,23335.99805,1832.999634,306.6364136,0.379707009,0.537038028,0.883179009,40.40305328,8.359841347,1.50E-05,0.006588
8/18/2022,23212.73828,1847.007813,298.1412354,0.370965004,0.512633026,0.859651983,39.54523087,8.09457016,1.40E-05,0.006423
8/19/2022,20877.55273,1612.987305,279.7187195,0.335049003,0.450980008,0.772135019,35.89025879,7.325466156,1.30E-05,0.005663
8/20/2022,21166.06055,1577.003784,283.6931458,0.337541014,0.451388001,0.786888003,35.26973343,7.233099937,1.30E-05,0.005858
8/21/2022,21534.12109,1619.31897,302.0562744,0.345301986,0.463546008,0.820216,36.53319931,7.438866138,1.30E-05,0.006004
8/22/2022,21398.9082,1622.505859,300.5591125,0.344720989,0.461445987,0.810341001,35.47438049,7.40197897,1.30E-05,0.005774
8/23/2022,21528.08789,1662.769897,299.0299377,0.347092003,0.465207011,0.831794024,35.64625168,7.638373852,1.30E-05,0.006122
8/24/2022,21395.01953,1657.059204,296.4496765,0.346145004,0.458108991,0.813591003,34.95791626,7.572387218,1.30E-05,0.006161
8/25/2022,21600.9043,1696.457031,301.5836487,0.34949699,0.46499899,0.81872803,35.31646347,7.587152004,1.40E-05,0.005832
8/26/2022,20260.01953,1507.782837,279.598175,0.338369995,0.430862993,0.763723016,31.72636223,6.92396307,1.20E-05,0.005364
8/27/2022,20041.73828,1491.39502,277.8015747,0.335346997,0.449703008,0.805347979,31.54243279,7.048661232,1.20E-05,0.005643
8/28/2022,19616.81445,1430.547363,276.250885,0.323094994,0.430049002,0.784250975,30.3922863,6.843182087,1.20E-05,0.005565
8/29/2022,20297.99414,1553.037354,286.221405,0.333797008,0.450702995,0.817403018,32.4652977,7.282452106,1.20E-05,0.005679
8/30/2022,19796.80859,1523.838867,281.425354,0.326869011,0.452169001,0.814535975,31.41205597,7.003430843,1.20E-05,0.005994
8/31/2022,20049.76367,1553.684937,279.2380981,0.327870011,0.446664989,0.831821024,31.4729557,7.026895046,1.20E-05,0.005305
9/1/2022,20127.14063,1586.176758,278.4172363,0.333193988,0.457480997,0.885430992,31.5856781,7.186677933,1.20E-05,0.005055
9/2/2022,19969.77148,1577.220459,277.4161072,0.331259012,0.454558998,0.871967971,31.22793007,7.302052021,1.20E-05,0.005562
9/3/2022,19832.08789,1556.872681,277.7755737,0.329968989,0.480387002,0.889275014,31.10948372,7.285171032,1.20E-05,0.005589
9/4/2022,19986.71289,1577.641602,278.8418579,0.331799001,0.503084004,0.894230008,32.10695648,7.370432854,1.30E-05,0.00509
9/5/2022,19812.37109,1617.183228,276.6859131,0.33296001,0.49912101,0.881430984,32.19464874,7.364227772,1.30E-05,0.005441
9/6/2022,18837.66797,1561.748535,262.668396,0.322207987,0.463066012,0.818876982,30.89174271,6.879021168,1.20E-05,0.005305
9/7/2022,19290.32422,1629.906372,278.761322,0.337366998,0.479281992,0.840846002,32.71091843,7.198486805,1.20E-05,0.005566
9/8/2022,19329.83398,1635.347656,280.5774841,0.340245008,0.479274005,0.844213009,33.60864639,7.390428066,1.20E-05,0.005029
9/9/2022,21381.15234,1719.085449,293.407135,0.357517004,0.502919972,0.891507983,34.73976517,7.770864964,1.30E-05,0.005294
9/10/2022,21680.53906,1776.203735,296.9690552,0.357681006,0.512422025,0.906197011,35.12672806,7.785724163,1.30E-05,0.005409
9/11/2022,21769.25586,1761.800049,295.1618652,0.35511899,0.509751976,0.894613028,34.96596146,7.698151112,1.30E-05,0.005675
9/12/2022,22370.44922,1713.765259,293.6587219,0.359445006,0.501546025,0.930011988,37.42418289,7.661845207,1.30E-05,0.005847
9/13/2022,20296.70703,1580.787964,277.5769348,0.333692014,0.468881011,0.854413986,33.43081665,7.134012222,1.20E-05,0.005497
9/14/2022,20241.08984,1634.755005,279.3858643,0.342081994,0.481375992,0.864789009,34.09157181,7.203162193,1.20E-05,0.004909
9/15/2022,19701.21094,1471.693481,270.8068848,0.326335013,0.465644002,0.824298978,33.04768372,6.926549911,1.20E-05,0.004683
9/16/2022,19772.58398,1432.447754,274.6545715,0.356687993,0.474126011,0.806046009,32.20885849,6.896842957,1.20E-05,0.005061
9/17/2022,20127.57617,1469.741699,279.2493286,0.377003998,0.487156004,0.829483986,33.7507782,7.063626766,1.20E-05,0.004792
9/18/2022,19419.50586,1335.329102,266.3131714,0.358323008,0.447185993,0.753422022,31.05985451,6.445236206,1.10E-05,0.005094
9/19/2022,19544.12891,1377.541382,272.0698242,0.38707301,0.453503996,0.766038001,32.68530273,6.396911144,1.10E-05,0.005039
9/20/2022,18890.78906,1324.388184,266.3695984,0.415183008,0.441899002,0.73327899,31.43304062,6.280214787,1.10E-05,0.004206
9/21/2022,18547.40039,1252.607788,264.7920837,0.396827996,0.44115901,0.70422399,30.82637787,6.15572691,1.00E-05,0.004627
9/22/2022,19413.55078,1327.680176,275.5002747,0.485101014,0.458965987,0.752830982,32.40890503,6.447794914,1.10E-05,0.004686
9/23/2022,19297.63867,1328.259521,276.6262512,0.507170975,0.46182099,0.778710008,33.67663574,6.438068867,1.10E-05,0.004571
9/24/2022,18937.01172,1317.993286,275.135376,0.488716006,0.451599985,0.754161,33.4626503,6.278332233,1.10E-05,0.00465
9/25/2022,18802.09766,1294.216797,274.0612488,0.492626995,0.446188003,0.740189016,32.33536148,6.201147079,1.10E-05,0.004375
9/26/2022,19222.67188,1335.32019,275.9278564,0.46767801,0.446756989,0.754754007,33.8805542,6.55090189,1.10E-05,0.004512
9/27/2022,19110.54688,1330.127686,272.4015503,0.448776007,0.441890001,0.740405977,32.7501297,6.384195805,1.10E-05,0.004201
9/28/2022,19426.7207,1337.410889,281.7812195,0.450672001,0.437290013,0.747372985,33.2354393,6.393946171,1.10E-05,0.004424
9/29/2022,19573.05078,1335.652344,283.789032,0.485417008,0.438169986,0.763513982,33.9524498,6.432816029,1.10E-05,0.004502
9/30/2022,19431.78906,1327.978638,284.1922913,0.479773998,0.434413999,0.777445972,33.21244431,6.315189838,1.10E-05,0.004384
10/1/2022,19312.0957,1311.644409,282.8719177,0.475109994,0.430292994,0.765881002,32.46939468,6.272256851,1.10E-05,0.004815
10/2/2022,19044.10742,1276.093506,284.4331055,0.448850006,0.419633001,0.764250994,32.05569839,6.163300037,1.10E-05,0.004591
10/3/2022,19623.58008,1323.439209,287.0319824,0.462879002,0.427998006,0.801805019,32.96762085,6.379696846,1.10E-05,0.004408
10/4/2022,20336.84375,1362.126587,296.2984619,0.480174005,0.435764998,0.836130023,34.12247086,6.494706154,1.20E-05,0.004411
10/5/2022,20160.7168,1352.837158,294.1376648,0.489683002,0.431273013,0.85136199,34.07388306,6.435239792,1.10E-05,0.004382
10/6/2022,19955.44336,1351.709473,286.6341553,0.493184,0.428687006,0.83305198,33.34281921,6.337180138,1.10E-05,0.003941
10/7/2022,19546.84961,1332.516968,283.1826782,0.518278003,0.424320012,0.831900001,33.00146484,6.331758976,1.10E-05,0.003964
10/8/2022,19416.56836,1315.500488,276.469574,0.51711297,0.421736002,0.813638985,32.57793427,6.307404041,1.10E-05,0.003901
10/9/2022,19446.42578,1322.604248,278.2380676,0.534061015,0.42307201,0.825376987,32.91388321,6.475232124,1.10E-05,0.003893
10/10/2022,19141.48438,1291.337646,271.8060608,0.497013986,0.40180099,0.815284014,31.97083473,6.261762142,1.00E-05,0.003893
10/11/2022,19051.41797,1279.575684,271.3713989,0.485397011,0.390540004,0.790543973,30.77686882,6.179375172,1.00E-05,0.003893
10/12/2022,19157.44531,1294.906372,270.9710083,0.488370001,0.381300002,0.784313977,31.16548538,6.176181793,1.00E-05,0.003893
10/13/2022,19382.9043,1288.123901,271.8514099,0.480812013,0.377638012,0.775820971,30.54451942,6.116868019,1.00E-05,0.003893
10/14/2022,19185.65625,1297.422119,269.5671692,0.488965988,0.366851002,0.792723,30.00741768,6.044194221,1.00E-05,0.003893
10/15/2022,19067.63477,1274.871704,268.4040833,0.481507003,0.363743991,0.790100992,29.5753479,6.052940845,1.00E-05,0.003893
10/16/2022,19268.09375,1306.296631,272.5199585,0.477010012,0.370281011,0.799562991,30.16884041,6.186029911,1.00E-05,0.003893
10/17/2022,19550.75781,1331.713623,275.5125732,0.479918003,0.372345001,0.847258985,31.2248764,6.253135204,1.00E-05,0.003893
10/18/2022,19334.41602,1310.447021,273.2145691,0.465977013,0.361820012,0.86451,30.16433144,6.158465862,1.00E-05,0.003893
10/19/2022,19139.53516,1285.744263,271.9813538,0.451227009,0.350032002,0.846086025,28.9007988,6.10672617,1.00E-05,0.003893
10/20/2022,19053.74023,1283.200928,269.2712708,0.448083997,0.340254009,0.810115993,28.08509636,5.885611057,1.00E-05,0.003893
10/21/2022,19172.46875,1299.946411,270.0384216,0.461097986,0.349076986,0.832093,28.10867691,5.834850788,1.00E-05,0.003893
10/22/2022,19208.18945,1314.299194,270.4794922,0.465469986,0.351408988,0.832385004,28.01386261,5.848344803,1.00E-05,0.003893
10/23/2022,19567.00781,1363.447021,276.0081787,0.469033003,0.362098992,0.899837017,29.27007103,5.960238934,1.00E-05,0.003893
10/24/2022,19345.57227,1344.998535,273.977417,0.453821003,0.357856989,0.893877029,28.31006432,5.915407181,1.00E-05,0.003893
10/25/2022,20095.85742,1461.665405,284.4325256,0.461544007,0.401988,0.919739008,30.93997574,6.447359085,1.00E-05,0.003893
10/26/2022,20770.44141,1566.56665,290.3769836,0.469375998,0.403492004,0.938138008,31.28472137,6.465909958,1.10E-05,0.003893
10/27/2022,20285.83594,1514.374878,286.8441162,0.462406993,0.388696998,0.904833972,30.63062477,6.336136818,1.10E-05,0.003893
10/28/2022,20595.35156,1555.477905,298.0141907,0.473980993,0.404507011,0.944848001,32.11126328,6.521455765,1.20E-05,0.003893
10/29/2022,20818.47656,1619.698486,304.2179565,0.470416009,0.419777989,0.933811009,32.85712814,6.633759975,1.30E-05,0.003893
10/30/2022,20635.60352,1590.783325,313.7547913,0.458454996,0.406046987,0.908851027,32.96593094,6.652472973,1.20E-05,0.003893
10/31/2022,20495.77344,1572.714478,326.3607178,0.465914994,0.40633601,0.903988004,32.61103821,6.630904198,1.20E-05,0.003893
11/1/2022,20485.27344,1579.70459,324.5794373,0.464576989,0.401401997,0.875333011,32.24842453,6.473106861,1.30E-05,0.003893
11/2/2022,20159.50391,1519.711792,320.1505432,0.450874001,0.386076003,0.871717989,30.7880764,6.244958878,1.20E-05,0.003893
11/3/2022,20209.98828,1531.541748,329.71698,0.455134988,0.389420003,0.952121973,30.8438797,6.42529583,1.20E-05,0.003893
11/4/2022,21147.23047,1645.093384,354.4063721,0.504404008,0.421525002,1.169746041,33.78085327,7.064493179,1.30E-05,0.003893
11/5/2022,21282.69141,1627.968018,349.2537231,0.493330002,0.426735014,1.183722019,36.76576233,7.019451141,1.20E-05,0.003893
11/6/2022,20926.48633,1572.234741,339.3893738,0.470670015,0.403005004,1.137967944,32.68358231,6.820865154,1.20E-05,0.003893
11/7/2022,20602.81641,1568.591309,337.0145569,0.465856999,0.404258996,1.252449036,29.60134506,7.121714115,1.20E-05,0.003893
11/8/2022,18541.27148,1332.835571,327.6902771,0.406242013,0.37183401,1.04441905,24.15293694,6.2946558,1.00E-05,0.003893
11/9/2022,15880.78027,1100.1698,266.8531189,0.333180994,0.317837,0.81320399,13.94085693,5.413379192,9.00E-06,0.003893
11/10/2022,17586.77148,1299.4646,304.0800476,0.395705014,0.36897701,1.124959946,17.68140793,5.959506989,1.00E-05,0.003893
11/11/2022,17034.29297,1287.221069,289.8205566,0.384158999,0.354667008,1.061987042,16.32674599,5.750708103,1.00E-05,0.003893
11/12/2022,16799.18555,1255.268311,282.3412781,0.363676995,0.339143991,0.93897301,14.53900146,5.768753052,1.00E-05,0.003893
11/13/2022,16353.36523,1221.819214,276.5794373,0.340296,0.330127001,0.888059974,13.16452885,5.753248215,9.00E-06,0.003893
11/14/2022,16618.19922,1241.604248,278.5784302,0.376406014,0.331849009,0.915709019,14.00135612,5.853860855,9.00E-06,0.003893
11/15/2022,16884.61328,1251.736206,276.8740234,0.388520986,0.337009013,0.940133989,14.30129433,5.918388844,9.00E-06,0.003893
11/16/2022,16669.43945,1215.602539,272.081604,0.376300991,0.332381994,0.900538027,14.28550816,5.71419096,9.00E-06,0.003893
11/17/2022,16687.51758,1200.808594,267.9113159,0.382544011,0.324858993,0.874882996,13.63873482,5.670608997,9.00E-06,0.003893
11/18/2022,16697.77734,1212.300293,273.9199829,0.383062989,0.326220989,0.880288005,13.2474966,5.643681049,9.00E-06,0.003893
11/19/2022,16711.54688,1218.426758,272.3976746,0.384698987,0.328512013,0.876094997,12.85101414,5.602037907,9.00E-06,0.003893
11/20/2022,16291.83203,1142.466675,264.2351379,0.361945003,0.312307,0.807573974,12.25283337,5.290356159,9.00E-06,0.003893
11/21/2022,15787.28418,1108.353027,254.1682587,0.364798993,0.304547995,0.79628402,11.84620857,5.189894199,8.00E-06,0.003893
11/22/2022,16189.76953,1135.173462,266.3243408,0.376060992,0.311922014,0.850010991,12.43562508,5.273522854,9.00E-06,0.003893
11/23/2022,16610.70703,1183.199585,297.8474426,0.381581008,0.318316996,0.861176014,14.35151196,5.43339777,9.00E-06,0.003893
11/24/2022,16604.46484,1203.983154,300.4278259,0.401991993,0.316457987,0.849300027,14.58235073,5.391868114,9.00E-06,0.003893
11/25/2022,16521.8418,1198.925903,300.5776978,0.408412009,0.314989001,0.844214022,14.06313801,5.269090176,9.00E-06,0.003893
11/26/2022,16464.28125,1205.897949,311.3884583,0.396629006,0.313789994,0.846644998,14.15919399,5.302000999,9.00E-06,0.003893
11/27/2022,16444.62695,1195.126953,307.4292908,0.396820992,0.312453985,0.844904006,14.11576653,5.298929214,9.00E-06,0.003893
11/28/2022,16217.32227,1170.086182,293.5272522,0.390318006,0.306699991,0.822697997,13.40451813,5.134754181,9.00E-06,0.003893
11/29/2022,16444.98242,1216.901245,295.4981689,0.39854899,0.309372008,0.838891983,13.36973381,5.308930874,9.00E-06,0.003893
11/30/2022,17168.56641,1295.688599,300.794342,0.408742994,0.318883002,0.936995983,14.11544514,5.47257185,9.00E-06,0.003893
12/1/2022,16967.13281,1276.273926,292.0162048,0.396708012,0.314484,0.908375978,13.48096848,5.402163982,9.00E-06,0.003893
12/2/2022,17088.66016,1294.303345,293.5274963,0.396272987,0.319406986,0.946197987,13.71564007,5.6295228,9.00E-06,0.003893
12/3/2022,16908.23633,1243.334839,290.5631409,0.388146996,0.319653988,0.90318799,13.30245781,5.501038074,9.00E-06,0.003893
12/4/2022,17130.48633,1280.256592,292.2882996,0.390735,0.322750002,0.922119021,13.7182188,5.595656872,9.00E-06,0.003893
12/5/2022,16974.82617,1259.676758,288.4742737,0.389584005,0.319516987,0.911139011,13.83111286,5.488790035,9.00E-06,0.003893
12/6/2022,17089.50391,1271.653809,290.3544617,0.392093986,0.318464011,0.917388976,14.2888546,5.503151894,9.00E-06,0.003893
12/7/2022,16848.12695,1232.4375,284.2844238,0.383720994,0.31031999,0.896219015,13.51965332,5.299137115,9.00E-06,0.003893
12/8/2022,17233.47461,1281.116333,290.5371704,0.394544989,0.314842999,0.927780986,13.68922234,5.430400848,9.00E-06,0.003893
12/9/2022,17133.15234,1264.28479,286.0904236,0.389153004,0.311677009,0.909515023,13.5801878,5.294414043,9.00E-06,0.003893
12/10/2022,17128.72461,1266.384155,288.1252136,0.386698008,0.312606007,0.908252001,13.57699585,5.273628235,9.00E-06,0.003893
12/11/2022,17104.19336,1263.86853,284.3904114,0.381749004,0.307711005,0.893233001,13.42780972,5.167613983,9.00E-06,0.003893
12/12/2022,17206.4375,1274.619019,276.2781982,0.387394011,0.30694899,0.910573006,13.31854439,5.169508934,9.00E-06,0.003893
12/13/2022,17781.31836,1320.549194,271.9516907,0.395101994,0.312864989,0.923434019,13.83398628,5.276955128,9.00E-06,0.003893
12/14/2022,17815.65039,1309.328735,268.2315369,0.386413991,0.30813399,0.903347015,14.14052582,5.215209961,9.00E-06,0.003893
12/15/2022,17364.86523,1266.353882,258.2737122,0.378237009,0.300200999,0.877981007,14.02151108,5.226642132,9.00E-06,0.003893
12/16/2022,16647.48438,1168.259399,231.2324371,0.351987988,0.264070004,0.795795023,12.26660633,4.655857086,8.00E-06,0.003893
12/17/2022,16795.0918,1188.149536,242.5292816,0.354809999,0.266900003,0.816142023,12.50440407,4.710334778,8.00E-06,0.003893
12/18/2022,16757.97656,1184.71521,251.1563873,0.350270003,0.266335011,0.813863993,12.41312027,4.663687229,9.00E-06,0.003893
12/19/2022,16439.67969,1167.609863,240.6578064,0.338869989,0.252943993,0.772778988,11.93265533,4.476758957,8.00E-06,0.003893
12/20/2022,16906.30469,1217.703613,251.7445374,0.349373013,0.259007007,0.802671015,12.28051472,4.611708164,8.00E-06,0.003893
12/21/2022,16817.53516,1213.599976,246.0469818,0.346020013,0.25315401,0.792995989,12.1289854,4.480146885,8.00E-06,0.003893
12/22/2022,16830.3418,1218.182129,245.890625,0.349599987,0.256523013,0.795728028,11.79482937,4.527610779,8.00E-06,0.003893
12/23/2022,16796.95313,1220.159424,246.1481781,0.354272991,0.259429008,0.798734009,11.78616619,4.472083092,8.00E-06,0.003893
12/24/2022,16847.75586,1221.14856,244.6355286,0.352178991,0.259368002,0.795993984,11.44427586,4.453764915,8.00E-06,0.003893
12/25/2022,16841.98633,1218.962036,243.1414948,0.346392006,0.259270012,0.795132995,11.38790321,4.4930439,8.00E-06,0.003893
12/26/2022,16919.80469,1226.974365,244.198288,0.365723014,0.265296996,0.813516974,11.30661106,4.572048187,8.00E-06,0.003893
12/27/2022,16717.17383,1212.791626,246.5966797,0.368126005,0.260369986,0.806025028,11.08543015,4.480312824,8.00E-06,0.003893
12/28/2022,16552.57227,1189.986084,244.141922,0.356530994,0.248377994,0.782831013,9.755906105,4.282458782,8.00E-06,0.003893
12/29/2022,16642.3418,1201.595337,246.4797211,0.342846006,0.244139999,0.777418971,9.65178299,4.310527802,8.00E-06,0.003893
12/30/2022,16602.58594,1199.232788,245.7792206,0.345016986,0.245556995,0.760532975,9.880176544,4.323475838,8.00E-06,0.003893
12/31/2022,16547.49609,1196.77124,246.3491974,0.339929014,0.246465996,0.758517027,9.961038589,4.314823151,8.00E-06,0.003893
1/1/2023,16625.08008,1200.964844,244.1369781,0.338762999,0.249770999,0.75997299,9.982172966,4.370816231,8.00E-06,0.003893
